,Date,Open,High,Low,Close,Volume
0,11-11-2017,0.074644,0.081936,0.074328,0.078261,145377173.0
1,12-11-2017,0.077447,0.078832,0.065263,0.067637,214308634.0
2,13-11-2017,0.068183,0.079276,0.066426,0.079244,162349496.0
3,14-11-2017,0.078565,0.081071,0.074006,0.077453,173986236.0
4,15-11-2017,0.07777,0.088193,0.077083,0.087366,185350147.0
5,16-11-2017,0.087965,0.092942,0.084053,0.090772,223488323.0
6,17-11-2017,0.090182,0.091046,0.082847,0.085371,181214075.0
7,18-11-2017,0.085034,0.090012,0.081523,0.089252,107153383.0
8,19-11-2017,0.088105,0.092407,0.087143,0.089469,93076117.0
9,20-11-2017,0.089352,0.092965,0.08762,0.090714,139391829.0
10,21-11-2017,0.091811,0.093843,0.084653,0.09011,197701704.0
11,22-11-2017,0.090895,0.133159,0.089072,0.118258,1222261079.0
12,23-11-2017,0.118015,0.145046,0.118015,0.122063,1686596208.0
13,24-11-2017,0.125266,0.127672,0.115624,0.123399,619924033.0
14,25-11-2017,0.124339,0.133976,0.121375,0.133976,351218243.0
15,26-11-2017,0.134035,0.137908,0.121568,0.131048,496046708.0
16,27-11-2017,0.129308,0.131643,0.122108,0.128171,398813346.0
17,28-11-2017,0.128387,0.152148,0.125659,0.152148,535649576.0
18,29-11-2017,0.150236,0.165977,0.128246,0.133876,712817820.0
19,30-11-2017,0.131777,0.146122,0.121856,0.134064,317208715.0
20,01-12-2017,0.132236,0.144249,0.127071,0.13857,339200676.0
21,02-12-2017,0.136873,0.142706,0.130144,0.138607,321142392.0
22,03-12-2017,0.134962,0.150975,0.133578,0.14341,306528296.0
23,04-12-2017,0.142325,0.159299,0.140491,0.158573,405991246.0
24,05-12-2017,0.159261,0.172338,0.156164,0.159555,564505227.0
25,06-12-2017,0.160526,0.17179,0.157435,0.17179,583774379.0
26,07-12-2017,0.166553,0.184514,0.162412,0.175612,1017420408.0
27,08-12-2017,0.176246,0.183744,0.149911,0.179167,760591272.0
28,09-12-2017,0.17868,0.183495,0.156365,0.16871,423215249.0
29,10-12-2017,0.168089,0.176799,0.148702,0.164184,361993892.0
30,11-12-2017,0.165262,0.186247,0.163361,0.180029,451552959.0
31,12-12-2017,0.179813,0.217705,0.17176,0.212771,1238321840.0
32,13-12-2017,0.212906,0.250339,0.207221,0.22305,2007675505.0
33,14-12-2017,0.222315,0.239147,0.22007,0.238602,1507007446.0
34,15-12-2017,0.23612,0.244036,0.223072,0.241027,1220136266.0
35,16-12-2017,0.241361,0.400493,0.233068,0.380146,8736136197.0
36,17-12-2017,0.379086,0.488696,0.357916,0.383383,6369660004.0
37,18-12-2017,0.380471,0.43737,0.36021,0.412978,2834994960.0
38,19-12-2017,0.410978,0.429059,0.350707,0.362905,2490629085.0
39,20-12-2017,0.359927,0.453077,0.313316,0.427057,4347940200.0
40,21-12-2017,0.431664,0.561311,0.422022,0.475247,10187447540.0
41,22-12-2017,0.472801,0.488088,0.303574,0.387499,4077046539.0
42,23-12-2017,0.392676,0.516925,0.391078,0.464662,4489860087.0
43,24-12-2017,0.466117,0.57277,0.382409,0.54936,9202526182.0
44,25-12-2017,0.553593,0.68675,0.549329,0.571659,11394355578.0
45,26-12-2017,0.571955,0.615963,0.523498,0.602709,7968305080.0
46,27-12-2017,0.598277,0.616147,0.545811,0.568788,4079030805.0
47,28-12-2017,0.567759,0.567759,0.494409,0.543683,3280480105.0
48,29-12-2017,0.545433,0.604911,0.520562,0.599421,3987772867.0
49,30-12-2017,0.597749,0.602915,0.471597,0.501733,3585669399.0
50,31-12-2017,0.498051,0.591988,0.489482,0.572657,3973826012.0
51,01-01-2018,0.576442,0.578517,0.515825,0.56726,3223031107.0
52,02-01-2018,0.564966,0.609017,0.544763,0.580256,5673958891.0
53,03-01-2018,0.576641,0.608396,0.563571,0.5918,4213218650.0
54,04-01-2018,0.593454,0.636251,0.55606,0.611378,6909167470.0
55,05-01-2018,0.612406,0.777889,0.607882,0.770542,13450215897.0
56,06-01-2018,0.774304,0.999841,0.774304,0.941267,17967797103.0
57,07-01-2018,0.929222,1.188913,0.92318,1.082164,18250692720.0
58,08-01-2018,1.083868,1.118333,0.873815,0.954906,14922685580.0
59,09-01-2018,0.956588,0.988061,0.828619,0.854391,7337709575.0
60,10-01-2018,0.862922,0.863329,0.73148,0.833556,6377459660.0
61,11-01-2018,0.828313,0.836807,0.700886,0.730365,3994136960.0
62,12-01-2018,0.731008,0.848468,0.710981,0.830368,3623374680.0
63,13-01-2018,0.830425,0.868312,0.793626,0.828288,3554642160.0
64,14-01-2018,0.830451,0.838706,0.721466,0.743134,4191176400.0
65,15-01-2018,0.739706,0.749119,0.625463,0.626019,3986236905.0
66,16-01-2018,0.626418,0.626418,0.363044,0.436686,4359029792.0
67,17-01-2018,0.436009,0.494478,0.351408,0.488549,3759095256.0
68,18-01-2018,0.488076,0.557495,0.459196,0.508896,3614431298.0
69,19-01-2018,0.502716,0.538331,0.475362,0.502302,1936024374.0
70,20-01-2018,0.507828,0.55195,0.507828,0.539126,1466207062.0
71,21-01-2018,0.538492,0.538492,0.445631,0.45511,1463590442.0
72,22-01-2018,0.459413,0.484991,0.403575,0.43014,1275594168.0
73,23-01-2018,0.429462,0.449449,0.397139,0.425426,1140022125.0
74,24-01-2018,0.423422,0.459648,0.412136,0.450842,1110686135.0
75,25-01-2018,0.455407,0.493021,0.45342,0.486908,1354630194.0
76,26-01-2018,0.489181,0.506921,0.431513,0.460038,1244211111.0
77,27-01-2018,0.460234,0.479639,0.455667,0.468684,742046253.0
78,28-01-2018,0.470981,0.488303,0.466402,0.474522,894474399.0
79,29-01-2018,0.470511,0.478164,0.436432,0.443028,831318429.0
80,30-01-2018,0.443137,0.444633,0.378414,0.383588,1009703712.0
81,31-01-2018,0.382114,0.395237,0.366256,0.381889,937513638.0
82,01-02-2018,0.382602,0.386989,0.30651,0.321715,1199354339.0
83,02-02-2018,0.321294,0.321294,0.211998,0.286916,1918066444.0
84,03-02-2018,0.288621,0.35236,0.266699,0.331123,1155320572.0
85,04-02-2018,0.332277,0.340943,0.267764,0.282064,831097792.0
86,05-02-2018,0.281922,0.286597,0.21624,0.226584,800945222.0
87,06-02-2018,0.22729,0.28394,0.195193,0.279955,1228730220.0
88,07-02-2018,0.276966,0.308374,0.252299,0.276164,834873727.0
89,08-02-2018,0.273983,0.313055,0.273983,0.293556,608355697.0
90,09-02-2018,0.293151,0.322406,0.27766,0.32171,719971034.0
91,10-02-2018,0.320524,0.350051,0.305256,0.321022,1075591082.0
92,11-02-2018,0.319665,0.333444,0.29632,0.318893,727672532.0
93,12-02-2018,0.31941,0.354015,0.31941,0.351692,714958761.0
94,13-02-2018,0.351856,0.364872,0.338758,0.362267,909259722.0
95,14-02-2018,0.361813,0.435008,0.361813,0.431379,2597603703.0
96,15-02-2018,0.430532,0.508097,0.430361,0.46942,2764839750.0
97,16-02-2018,0.466107,0.478192,0.417628,0.451844,1705822536.0
98,17-02-2018,0.453786,0.470383,0.440215,0.452855,1177718344.0
99,18-02-2018,0.457006,0.458947,0.406646,0.412709,982325960.0
100,19-02-2018,0.411769,0.44571,0.40737,0.430194,836353408.0
101,20-02-2018,0.429067,0.537318,0.41107,0.460075,6998028350.0
102,21-02-2018,0.459598,0.479367,0.411413,0.426445,2385488880.0
103,22-02-2018,0.425585,0.446908,0.395589,0.406632,1323146535.0
104,23-02-2018,0.406255,0.450004,0.39228,0.430118,1254565350.0
105,24-02-2018,0.431304,0.446307,0.396648,0.409182,1014968310.0
106,25-02-2018,0.408993,0.414785,0.387974,0.397411,760794360.0
107,26-02-2018,0.399109,0.42102,0.386295,0.410508,781562536.0
108,27-02-2018,0.41205,0.426621,0.406623,0.408356,792025329.0
109,28-02-2018,0.406987,0.420008,0.391592,0.392391,862439520.0
110,01-03-2018,0.393941,0.412163,0.387415,0.405341,1012110048.0
111,02-03-2018,0.402681,0.406475,0.355201,0.357459,1467101101.0
112,03-03-2018,0.35824,0.375349,0.337839,0.345665,1404949450.0
113,04-03-2018,0.341341,0.35877,0.336737,0.35877,791225535.0
114,05-03-2018,0.356164,0.360041,0.335301,0.339244,886073054.0
115,06-03-2018,0.333049,0.333933,0.295806,0.299179,958297976.0
116,07-03-2018,0.299696,0.305291,0.260188,0.261052,1140771385.0
117,08-03-2018,0.260447,0.287548,0.252884,0.262022,1009010940.0
118,09-03-2018,0.260807,0.26997,0.235448,0.26997,887220928.0
119,10-03-2018,0.269402,0.285168,0.257228,0.258708,643420765.0
120,11-03-2018,0.257828,0.28129,0.250252,0.274127,602453773.0
121,12-03-2018,0.273938,0.278244,0.249198,0.261971,493945470.0
122,13-03-2018,0.261203,0.274593,0.251583,0.256819,389525416.0
123,14-03-2018,0.256449,0.260536,0.221881,0.228434,488322250.0
124,15-03-2018,0.228273,0.235158,0.212132,0.229762,605401765.0
125,16-03-2018,0.230154,0.23747,0.223586,0.22811,416334008.0
126,17-03-2018,0.227744,0.230672,0.211145,0.214349,404897528.0
127,18-03-2018,0.213156,0.213156,0.181277,0.207301,586744058.0
128,19-03-2018,0.207859,0.228514,0.204279,0.224324,539867721.0
129,20-03-2018,0.22602,0.243004,0.220852,0.238144,433000654.0
130,21-03-2018,0.238187,0.249961,0.235011,0.23843,437362387.0
131,22-03-2018,0.238908,0.242679,0.22413,0.229681,339202248.0
132,23-03-2018,0.22997,0.231305,0.217101,0.231305,401480879.0
133,24-03-2018,0.233745,0.242166,0.228105,0.233294,289890076.0
134,25-03-2018,0.230657,0.23236,0.225017,0.227768,225892573.0
135,26-03-2018,0.227291,0.229743,0.203576,0.213217,392938192.0
136,27-03-2018,0.212319,0.212778,0.201444,0.204229,339980382.0
137,28-03-2018,0.203543,0.211457,0.202204,0.204612,320031133.0
138,29-03-2018,0.206568,0.207009,0.179547,0.184041,366605111.0
139,30-03-2018,0.183055,0.188159,0.172379,0.179904,350190228.0
140,31-03-2018,0.179151,0.188603,0.175734,0.18357,228211201.0
141,01-04-2018,0.183502,0.186806,0.168974,0.177013,219669420.0
142,02-04-2018,0.177823,0.183202,0.176054,0.182155,327814080.0
143,03-04-2018,0.181952,0.194502,0.18103,0.193642,430109019.0
144,04-04-2018,0.193822,0.195387,0.176744,0.180179,346679460.0
145,05-04-2018,0.181129,0.18142,0.172297,0.176056,313315252.0
146,06-04-2018,0.176143,0.177577,0.169927,0.173337,184910987.0
147,07-04-2018,0.174111,0.185976,0.17324,0.181886,196981562.0
148,08-04-2018,0.180889,0.188726,0.180889,0.184551,239112046.0
149,09-04-2018,0.185362,0.190293,0.176911,0.179439,313529887.0
150,10-04-2018,0.179194,0.199536,0.17794,0.197585,663173774.0
151,11-04-2018,0.197333,0.228317,0.195689,0.221633,1650455562.0
152,12-04-2018,0.220166,0.247944,0.212662,0.247944,905936256.0
153,13-04-2018,0.246877,0.280207,0.244606,0.260666,1184313600.0
154,14-04-2018,0.258243,0.275253,0.256059,0.270819,886479975.0
155,15-04-2018,0.269815,0.301088,0.269815,0.298271,774354375.0
156,16-04-2018,0.299353,0.32101,0.287335,0.300103,1457964396.0
157,17-04-2018,0.300325,0.319637,0.295573,0.311508,1125550965.0
158,18-04-2018,0.309461,0.359309,0.309178,0.355627,1427234342.0
159,19-04-2018,0.354609,0.383559,0.350058,0.383559,1779043250.0
160,20-04-2018,0.384254,0.392398,0.376821,0.390093,1529928340.0
161,21-04-2018,0.389117,0.389699,0.343825,0.358357,1655470020.0
162,22-04-2018,0.360276,0.382156,0.35269,0.366665,1221846780.0
163,23-04-2018,0.367109,0.379609,0.358668,0.364646,2233495476.0
164,24-04-2018,0.365106,0.392267,0.364671,0.38513,2432696800.0
165,25-04-2018,0.390339,0.392997,0.331321,0.340781,2560645700.0
166,26-04-2018,0.343137,0.379186,0.327572,0.375858,2762761160.0
167,27-04-2018,0.372924,0.383118,0.352765,0.361128,2595778378.0
168,28-04-2018,0.357291,0.374477,0.35399,0.356846,2392404726.0
169,29-04-2018,0.364361,0.370217,0.347864,0.363629,2523439918.0
170,30-04-2018,0.360028,0.368646,0.341313,0.346233,2419564110.0
171,01-05-2018,0.350313,0.350313,0.325541,0.343586,778604425.0
172,02-05-2018,0.341589,0.361088,0.336708,0.351596,3331226112.0
173,03-05-2018,0.355697,0.376857,0.347518,0.376028,3365323434.0
174,04-05-2018,0.368812,0.370284,0.347792,0.351991,964348902.0
175,05-05-2018,0.351873,0.357224,0.335784,0.346106,2026734798.0
176,06-05-2018,0.347548,0.351373,0.315689,0.332016,2234587389.0
177,07-05-2018,0.331773,0.336895,0.310713,0.323394,1738096395.0
178,08-05-2018,0.324451,0.35953,0.32129,0.356155,2730732316.0
179,09-05-2018,0.354151,0.35753,0.313581,0.342958,2260253093.0
180,10-05-2018,0.324913,0.356111,0.304648,0.327452,2345230340.0
181,11-05-2018,0.33862,0.33862,0.269162,0.293927,1858804892.0
182,12-05-2018,0.29987,0.314597,0.264001,0.301466,1849815066.0
183,13-05-2018,0.290233,0.311465,0.267225,0.291714,1335905665.0
184,14-05-2018,0.30321,0.307201,0.284343,0.30127,837599735.0
185,15-05-2018,0.300144,0.325897,0.298428,0.307339,1434704583.0
186,16-05-2018,0.304566,0.309738,0.289952,0.297195,651380165.0
187,17-05-2018,0.296051,0.303592,0.282762,0.283798,1173196640.0
188,18-05-2018,0.270778,0.297221,0.254423,0.273102,926091670.0
189,19-05-2018,0.286669,0.301048,0.272268,0.291365,1020278089.0
190,20-05-2018,0.288953,0.304302,0.265615,0.30068,1081634552.0
191,21-05-2018,0.298935,0.301051,0.268755,0.290893,1256935995.0
192,22-05-2018,0.286864,0.291557,0.259986,0.261911,694089657.0
193,23-05-2018,0.262387,0.29153,0.234817,0.245277,1017757521.0
194,24-05-2018,0.245245,0.253659,0.221907,0.238854,714013252.0
195,25-05-2018,0.237155,0.244466,0.230372,0.238016,718859128.0
196,26-05-2018,0.240473,0.241745,0.234278,0.234521,430333392.0
197,27-05-2018,0.234621,0.235679,0.230361,0.231899,236707545.0
198,28-05-2018,0.232543,0.233464,0.216863,0.217387,505651206.0
199,29-05-2018,0.217416,0.233768,0.215279,0.233103,627057827.0
200,30-05-2018,0.23382,0.237436,0.224056,0.226129,503291451.0
201,31-05-2018,0.231211,0.236571,0.223696,0.229098,604830214.0
202,01-06-2018,0.231072,0.232578,0.223851,0.229321,364209892.0
203,02-06-2018,0.228989,0.240117,0.227733,0.238344,396479645.0
204,03-06-2018,0.239572,0.251221,0.237465,0.247213,1311007698.0
205,04-06-2018,0.247262,0.251872,0.235625,0.23687,1486197132.0
206,05-06-2018,0.237237,0.249825,0.236185,0.245142,1262613673.0
207,06-06-2018,0.245223,0.254131,0.238958,0.253073,1421721371.0
208,07-06-2018,0.250484,0.257216,0.247769,0.251561,411923635.0
209,08-06-2018,0.252492,0.25506,0.24523,0.247031,467315373.0
210,09-06-2018,0.247006,0.250573,0.242624,0.242624,315514883.0
211,10-06-2018,0.242736,0.242736,0.212784,0.214875,502317066.0
212,11-06-2018,0.214718,0.219078,0.209451,0.218197,326654736.0
213,12-06-2018,0.218416,0.220577,0.207481,0.208444,335033618.0
214,13-06-2018,0.208604,0.210216,0.18791,0.190529,749106236.0
215,14-06-2018,0.190442,0.204135,0.190163,0.199252,667993478.0
216,15-06-2018,0.199856,0.202779,0.193105,0.197427,825207708.0
217,16-06-2018,0.196795,0.201144,0.192558,0.197006,452049213.0
218,17-06-2018,0.197793,0.200422,0.195494,0.195494,425591470.0
219,18-06-2018,0.198418,0.209761,0.192636,0.205961,554003666.0
220,19-06-2018,0.205939,0.209983,0.201054,0.207193,304658742.0
221,20-06-2018,0.2073,0.207338,0.200478,0.205547,220868524.0
222,21-06-2018,0.205591,0.206247,0.201654,0.202989,268498880.0
223,22-06-2018,0.202653,0.204098,0.176418,0.181018,630549691.0
224,23-06-2018,0.181223,0.184194,0.175429,0.179207,674422538.0
225,24-06-2018,0.178811,0.183949,0.15818,0.170317,670429656.0
226,25-06-2018,0.168968,0.174839,0.162914,0.169278,387795864.0
227,26-06-2018,0.170335,0.175702,0.167408,0.169391,278236821.0
228,27-06-2018,0.169801,0.171771,0.160305,0.167272,395678029.0
229,28-06-2018,0.165092,0.172197,0.160608,0.162227,253160181.0
230,29-06-2018,0.165795,0.170857,0.157325,0.16614,262326411.0
231,30-06-2018,0.166644,0.17396,0.165696,0.171072,419112505.0
232,01-07-2018,0.171689,0.174795,0.168143,0.170385,577377803.0
233,02-07-2018,0.170195,0.186978,0.166737,0.185733,399397488.0
234,03-07-2018,0.185443,0.190443,0.17946,0.180823,386837820.0
235,04-07-2018,0.180754,0.187113,0.177213,0.184087,328406338.0
236,05-07-2018,0.184027,0.18512,0.177578,0.178995,261173635.0
237,06-07-2018,0.179722,0.180357,0.175701,0.178645,296320912.0
238,07-07-2018,0.178939,0.182072,0.175249,0.181951,289325328.0
239,08-07-2018,0.181785,0.183793,0.177,0.179608,344330240.0
240,09-07-2018,0.179696,0.181913,0.178511,0.178753,290674856.0
241,10-07-2018,0.178949,0.180069,0.154129,0.165789,463477437.0
242,11-07-2018,0.165403,0.170099,0.161693,0.166662,672724971.0
243,12-07-2018,0.164576,0.16667,0.153759,0.157921,289040384.0
244,13-07-2018,0.157993,0.161513,0.151169,0.159753,424083916.0
245,14-07-2018,0.157769,0.16331,0.149809,0.161768,286284775.0
246,15-07-2018,0.162329,0.165385,0.158876,0.163018,265046711.0
247,16-07-2018,0.162071,0.196637,0.162071,0.195647,1067592748.0
248,17-07-2018,0.192739,0.223133,0.191432,0.22085,1055665864.0
249,18-07-2018,0.220474,0.296021,0.218172,0.254746,2695482806.0
250,19-07-2018,0.252717,0.272924,0.238888,0.265265,1749375896.0
251,20-07-2018,0.264245,0.264753,0.226385,0.234369,1238370267.0
252,21-07-2018,0.237103,0.242693,0.221088,0.224749,917057517.0
253,22-07-2018,0.229515,0.246213,0.225274,0.237677,780552864.0
254,23-07-2018,0.238386,0.250027,0.235372,0.23619,576384929.0
255,24-07-2018,0.237214,0.252864,0.233344,0.249538,746585227.0
256,25-07-2018,0.247672,0.252362,0.227692,0.243473,906867610.0
257,26-07-2018,0.242601,0.250519,0.230285,0.232959,474848875.0
258,27-07-2018,0.232612,0.237438,0.225279,0.23445,349197324.0
259,28-07-2018,0.233816,0.238067,0.232455,0.233235,229225528.0
260,29-07-2018,0.234172,0.238504,0.225446,0.226874,404090358.0
261,30-07-2018,0.227253,0.229942,0.207916,0.224503,942028920.0
262,31-07-2018,0.228083,0.228083,0.195681,0.201566,975658920.0
263,01-08-2018,0.206575,0.21592,0.193967,0.21592,1013461698.0
264,02-08-2018,0.210516,0.216189,0.20087,0.20215,476376509.0
265,03-08-2018,0.203076,0.203526,0.195229,0.199983,654347953.0
266,04-08-2018,0.198486,0.203239,0.187565,0.188157,546956739.0
267,05-08-2018,0.190718,0.199812,0.18733,0.19446,780273068.0
268,06-08-2018,0.196858,0.199392,0.188508,0.191231,390061183.0
269,07-08-2018,0.190913,0.194317,0.182499,0.183287,392885182.0
270,08-08-2018,0.183149,0.183149,0.164452,0.165757,334946096.0
271,09-08-2018,0.165326,0.178263,0.163574,0.175686,506963187.0
272,10-08-2018,0.175619,0.179747,0.162925,0.164776,323297282.0
273,11-08-2018,0.163977,0.169464,0.161516,0.165572,350201007.0
274,12-08-2018,0.165017,0.168059,0.162577,0.165612,236546957.0
275,13-08-2018,0.165801,0.171129,0.159986,0.163233,348751016.0
276,14-08-2018,0.162464,0.162756,0.150065,0.158104,525492380.0
277,15-08-2018,0.157793,0.168657,0.157267,0.161035,376104946.0
278,16-08-2018,0.160728,0.166104,0.156419,0.1606,410694730.0
279,17-08-2018,0.162289,0.173704,0.160104,0.172058,366846855.0
280,18-08-2018,0.173619,0.175123,0.165939,0.167811,472332305.0
281,19-08-2018,0.169147,0.173359,0.165831,0.173359,186796859.0
282,20-08-2018,0.172732,0.1742,0.164746,0.165353,169227817.0
283,21-08-2018,0.165065,0.169777,0.164321,0.169349,149071775.0
284,22-08-2018,0.169231,0.175836,0.161539,0.161694,416527675.0
285,23-08-2018,0.161715,0.16806,0.161592,0.167211,181997826.0
286,24-08-2018,0.167578,0.170406,0.165023,0.169731,227503624.0
287,25-08-2018,0.169538,0.170653,0.164782,0.165816,281850650.0
288,26-08-2018,0.165649,0.168825,0.160043,0.168217,203739611.0
289,27-08-2018,0.168173,0.17314,0.166971,0.172723,253885186.0
290,28-08-2018,0.173623,0.183543,0.171816,0.182712,365551591.0
291,29-08-2018,0.182698,0.18477,0.17734,0.183769,323619852.0
292,30-08-2018,0.183212,0.231072,0.183107,0.226826,2402860950.0
293,31-08-2018,0.227471,0.344258,0.227267,0.340363,5477685500.0
294,01-09-2018,0.336616,0.479436,0.307915,0.445718,13761646000.0
295,02-09-2018,0.448001,0.465328,0.322897,0.354935,9899459000.0
296,03-09-2018,0.356833,0.394081,0.353914,0.375026,4070278148.0
297,04-09-2018,0.375908,0.381039,0.361851,0.377131,2325999258.0
298,05-09-2018,0.376448,0.387022,0.345075,0.353779,3625958000.0
299,06-09-2018,0.353411,0.366284,0.334744,0.360393,2336704722.0
300,07-09-2018,0.359445,0.390622,0.359445,0.380956,2700270286.0
301,08-09-2018,0.38027,0.420494,0.38027,0.408552,3463262974.0
302,09-09-2018,0.409865,0.419418,0.409302,0.4184,2338018160.0
303,10-09-2018,0.419173,0.502305,0.419173,0.499354,5570796420.0
304,11-09-2018,0.502176,0.502176,0.431304,0.459667,6528195027.0
305,12-09-2018,0.459419,0.465849,0.449796,0.465756,4316308815.0
306,13-09-2018,0.466683,0.476853,0.461647,0.472081,3297715043.0
307,14-09-2018,0.472373,0.479533,0.436733,0.444144,3012071700.0
308,15-09-2018,0.444673,0.450383,0.440871,0.443098,1218656468.0
309,16-09-2018,0.444928,0.469383,0.441349,0.469383,1552291382.0
310,17-09-2018,0.470031,0.470528,0.446495,0.452783,1913769327.0
311,18-09-2018,0.4519,0.455,0.420849,0.434799,2885426650.0
312,19-09-2018,0.435046,0.438417,0.387814,0.40581,2795987455.0
313,20-09-2018,0.405556,0.426897,0.405556,0.408473,1818556483.0
314,21-09-2018,0.408489,0.430541,0.400679,0.410457,1613665878.0
315,22-09-2018,0.410352,0.420173,0.404785,0.415938,1077587741.0
316,23-09-2018,0.416439,0.426686,0.414312,0.426279,899025784.0
317,24-09-2018,0.426524,0.43823,0.411154,0.412689,1253439616.0
318,25-09-2018,0.412897,0.420778,0.407184,0.413212,1279038356.0
319,26-09-2018,0.413696,0.417724,0.411516,0.41238,845355440.0
320,27-09-2018,0.412883,0.428803,0.413694,0.426897,1096225625.0
321,28-09-2018,0.425829,0.432758,0.419269,0.422801,1048682889.0
322,29-09-2018,0.422909,0.427631,0.417989,0.425268,1133177364.0
323,30-09-2018,0.425461,0.428451,0.422559,0.42825,971442935.0
324,01-10-2018,0.427916,0.43848,0.428856,0.43593,1474409261.0
325,02-10-2018,0.434869,0.437969,0.422116,0.426997,1125989875.0
326,03-10-2018,0.426242,0.424818,0.413516,0.421306,1176885794.0
327,04-10-2018,0.421873,0.422986,0.410536,0.415664,1069811319.0
328,05-10-2018,0.41578,0.42259,0.4168,0.420066,931155418.0
329,06-10-2018,0.421338,0.425597,0.404451,0.410828,967281979.0
330,07-10-2018,0.411875,0.411242,0.406557,0.410993,573066069.0
331,08-10-2018,0.411803,0.418593,0.409359,0.412146,899717486.0
332,09-10-2018,0.413285,0.419138,0.41369,0.418914,668777752.0
333,10-10-2018,0.418412,0.419794,0.410628,0.412217,762874746.0
334,11-10-2018,0.41189,0.411835,0.362857,0.37109,1393000330.0
335,12-10-2018,0.369743,0.389829,0.367039,0.386627,710008801.0
336,13-10-2018,0.386463,0.387997,0.379999,0.381825,596497732.0
337,14-10-2018,0.381257,0.384376,0.378637,0.380092,584388130.0
338,15-10-2018,0.379732,0.403769,0.377121,0.384926,1370644840.0
339,16-10-2018,0.385224,0.385168,0.364805,0.368601,866496167.0
340,17-10-2018,0.368041,0.369112,0.330292,0.338207,1775597568.0
341,18-10-2018,0.338647,0.348037,0.318802,0.322459,1679371993.0
342,19-10-2018,0.322681,0.335252,0.313542,0.328441,1269232175.0
343,20-10-2018,0.330689,0.334427,0.325965,0.334409,556545381.0
344,21-10-2018,0.334486,0.337673,0.330811,0.331913,552612826.0
345,22-10-2018,0.331193,0.33272,0.320474,0.321634,781148740.0
346,23-10-2018,0.322189,0.32362,0.304166,0.305495,945643074.0
347,24-10-2018,0.304792,0.306143,0.282328,0.286429,1305868226.0
348,25-10-2018,0.286486,0.287063,0.269188,0.272202,903375061.0
349,26-10-2018,0.271177,0.292679,0.271139,0.291364,1185714552.0
350,27-10-2018,0.293329,0.311186,0.293329,0.306786,1703050161.0
351,28-10-2018,0.306297,0.306297,0.295063,0.297147,855291892.0
352,29-10-2018,0.296034,0.298484,0.281437,0.283213,1034382807.0
353,30-10-2018,0.283885,0.287338,0.281125,0.283618,871316777.0
354,31-10-2018,0.282519,0.285294,0.273111,0.278845,1057453343.0
355,01-11-2018,0.278511,0.291806,0.275229,0.276911,735694617.0
356,02-11-2018,0.277028,0.278852,0.271257,0.27514,825649678.0
357,03-11-2018,0.275325,0.276066,0.272008,0.272225,569845129.0
358,04-11-2018,0.273335,0.276225,0.268113,0.268113,655917225.0
359,05-11-2018,0.267271,0.27289,0.26361,0.263933,848534767.0
360,06-11-2018,0.264668,0.272734,0.264245,0.270132,1136740322.0
361,07-11-2018,0.270289,0.271525,0.26258,0.263297,767541610.0
362,08-11-2018,0.263264,0.264921,0.245554,0.246713,986758567.0
363,09-11-2018,0.245598,0.245951,0.224232,0.227592,1351317098.0
364,10-11-2018,0.227237,0.242622,0.224134,0.238064,1159455294.0
365,11-11-2018,0.237585,0.23815,0.22797,0.229364,594964006.0
366,12-11-2018,0.22956,0.230015,0.221631,0.223485,758549107.0
367,13-11-2018,0.223599,0.225104,0.212899,0.21373,530430791.0
368,14-11-2018,0.213883,0.214341,0.188527,0.195094,1111604336.0
369,15-11-2018,0.195647,0.202445,0.181127,0.201351,1637676285.0
370,16-11-2018,0.201555,0.202253,0.191513,0.197122,1777316494.0
371,17-11-2018,0.197124,0.198913,0.183961,0.18679,1334045943.0
372,18-11-2018,0.186907,0.189842,0.184875,0.189743,829575807.0
373,19-11-2018,0.18961,0.195548,0.17292,0.173347,1181695005.0
374,20-11-2018,0.173119,0.174501,0.156003,0.161026,1470555059.0
375,21-11-2018,0.161848,0.178092,0.155251,0.174242,2019084944.0
376,22-11-2018,0.174672,0.176407,0.165619,0.170877,939702236.0
377,23-11-2018,0.170583,0.171342,0.161551,0.166844,800197897.0
378,24-11-2018,0.167076,0.168946,0.154816,0.156967,798786204.0
379,25-11-2018,0.157412,0.1597,0.146345,0.156829,833200671.0
380,26-11-2018,0.156709,0.15932,0.144307,0.148617,849224796.0
381,27-11-2018,0.148399,0.149264,0.141895,0.147949,832170156.0
382,28-11-2018,0.148078,0.16207,0.147457,0.158607,1036272875.0
383,29-11-2018,0.158959,0.159209,0.152436,0.156722,898567779.0
384,30-11-2018,0.156688,0.157061,0.14858,0.150924,787114274.0
385,01-12-2018,0.151669,0.158898,0.150227,0.156711,668385804.0
386,02-12-2018,0.156869,0.158318,0.154445,0.156685,652106261.0
387,03-12-2018,0.156801,0.168122,0.15103,0.167142,879774349.0
388,04-12-2018,0.167047,0.167732,0.153375,0.155118,1261057793.0
389,05-12-2018,0.154968,0.159504,0.15136,0.154043,1457923284.0
390,06-12-2018,0.153899,0.157164,0.147976,0.147976,1747524466.0
391,07-12-2018,0.148442,0.151446,0.143309,0.150176,1981505258.0
392,08-12-2018,0.1496,0.153966,0.147627,0.151326,1337700802.0
393,09-12-2018,0.1508,0.152999,0.149096,0.150037,1210660939.0
394,10-12-2018,0.149745,0.150956,0.15044,0.152287,1152909791.0
395,11-12-2018,0.152043,0.151641,0.148371,0.151055,1164334390.0
396,12-12-2018,0.151077,0.153824,0.150164,0.151653,1333638251.0
397,13-12-2018,0.152171,0.151665,0.146284,0.14773,1263258437.0
398,14-12-2018,0.147826,0.149638,0.147977,0.148975,1163186795.0
399,15-12-2018,0.148992,0.15265,0.148441,0.152092,977202629.0
400,16-12-2018,0.151545,0.154354,0.151185,0.152861,1156827470.0
401,17-12-2018,0.152845,0.194466,0.15195,0.181375,2765934407.0
402,18-12-2018,0.181561,0.189362,0.175112,0.189181,2808401982.0
403,19-12-2018,0.188528,0.194783,0.180242,0.192263,2111943173.0
404,20-12-2018,0.191363,0.194149,0.183236,0.191435,1662022866.0
405,21-12-2018,0.190814,0.192104,0.176502,0.178485,1571142441.0
406,22-12-2018,0.178085,0.179618,0.169606,0.175518,1294740812.0
407,23-12-2018,0.175531,0.181577,0.17537,0.178317,1405720048.0
408,24-12-2018,0.178838,0.184376,0.178122,0.178122,1720548135.0
409,25-12-2018,0.179125,0.179125,0.162548,0.168587,1356236540.0
410,26-12-2018,0.168471,0.175128,0.167829,0.173564,1226151066.0
411,27-12-2018,0.173795,0.174228,0.165444,0.165455,1345649139.0
412,28-12-2018,0.165322,0.171108,0.161394,0.170201,1359337122.0
413,29-12-2018,0.17057,0.171025,0.16696,0.168052,1187679327.0
414,30-12-2018,0.166394,0.167667,0.163706,0.165509,1177727539.0
415,31-12-2018,0.165716,0.167432,0.161697,0.163176,1302664761.0
416,01-01-2019,0.163238,0.166827,0.161297,0.166827,1211017229.0
417,02-01-2019,0.166548,0.171117,0.165247,0.168446,1260987391.0
418,03-01-2019,0.168254,0.169383,0.165218,0.165433,1235301951.0
419,04-01-2019,0.16576,0.167527,0.158375,0.160979,1357927846.0
420,05-01-2019,0.161314,0.163402,0.158535,0.161264,1192392632.0
421,06-01-2019,0.160837,0.164873,0.15931,0.161877,1263817219.0
422,07-01-2019,0.161885,0.162141,0.158744,0.159543,1110147941.0
423,08-01-2019,0.160482,0.162071,0.158638,0.159613,1472443412.0
424,09-01-2019,0.159745,0.162289,0.158814,0.159889,1200290362.0
425,10-01-2019,0.159695,0.161987,0.146883,0.150136,1491091353.0
426,11-01-2019,0.149959,0.151495,0.148175,0.149829,1209681146.0
427,12-01-2019,0.149943,0.151852,0.14887,0.151195,997084560.0
428,13-01-2019,0.150381,0.1528,0.146622,0.147384,1270995231.0
429,14-01-2019,0.147939,0.155624,0.14761,0.154531,1312146419.0
430,15-01-2019,0.154176,0.154859,0.149164,0.150062,1136669299.0
431,16-01-2019,0.149864,0.152184,0.148381,0.151927,970640352.0
432,17-01-2019,0.151577,0.152566,0.147896,0.148738,986195481.0
433,18-01-2019,0.148678,0.15082,0.148196,0.150074,888631587.0
434,19-01-2019,0.149931,0.153914,0.14886,0.153439,1146360623.0
435,20-01-2019,0.153421,0.153437,0.148343,0.150943,1152523641.0
436,21-01-2019,0.15001,0.151149,0.147108,0.149558,1224975528.0
437,22-01-2019,0.149447,0.150361,0.144796,0.146552,1351557456.0
438,23-01-2019,0.146386,0.147461,0.143965,0.145376,1115253580.0
439,24-01-2019,0.145535,0.147434,0.143468,0.144776,1123685195.0
440,25-01-2019,0.146077,0.15474,0.143906,0.150351,1132432315.0
441,26-01-2019,0.148636,0.152724,0.144132,0.14782,1106426248.0
442,27-01-2019,0.147752,0.148768,0.142563,0.143923,1152343236.0
443,28-01-2019,0.143789,0.143975,0.136985,0.138187,1156452826.0
444,29-01-2019,0.138435,0.140478,0.136389,0.137659,1057902686.0
445,30-01-2019,0.13751,0.139716,0.136601,0.139498,840250642.0
446,31-01-2019,0.139639,0.141012,0.135738,0.136596,980955246.0
447,01-02-2019,0.136647,0.137754,0.134652,0.136962,1244336890.0
448,02-02-2019,0.136806,0.139789,0.135504,0.13834,942246544.0
449,03-02-2019,0.13804,0.139866,0.135072,0.136044,1097277842.0
450,04-02-2019,0.136056,0.138365,0.134797,0.13592,944160456.0
451,05-02-2019,0.136153,0.137161,0.134391,0.135017,1000156705.0
452,06-02-2019,0.134914,0.136211,0.131529,0.133484,1090932824.0
453,07-02-2019,0.133723,0.135343,0.131165,0.131543,1014485955.0
454,08-02-2019,0.131718,0.139375,0.130813,0.139212,1277752654.0
455,09-02-2019,0.138936,0.142041,0.136841,0.138715,1028655461.0
456,10-02-2019,0.138851,0.138962,0.136081,0.138452,1126340394.0
457,11-02-2019,0.138491,0.138491,0.13512,0.135739,1084260041.0
458,12-02-2019,0.135663,0.134817,0.13227,0.13363,1197360157.0
459,13-02-2019,0.133614,0.134964,0.13347,0.134198,1094343543.0
460,14-02-2019,0.134033,0.135543,0.134108,0.13471,1198776584.0
461,15-02-2019,0.134665,0.136642,0.134815,0.136073,1052488012.0
462,16-02-2019,0.136018,0.137592,0.135164,0.137242,1023692023.0
463,17-02-2019,0.137196,0.142185,0.136588,0.142122,1370170581.0
464,18-02-2019,0.142131,0.151699,0.142131,0.15089,1888724783.0
465,19-02-2019,0.151024,0.152661,0.146807,0.147387,1916669661.0
466,20-02-2019,0.14724,0.147855,0.14563,0.147729,1490539490.0
467,21-02-2019,0.146827,0.147691,0.143977,0.144403,1303479017.0
468,22-02-2019,0.144503,0.147095,0.144095,0.146045,1410066576.0
469,23-02-2019,0.146008,0.149941,0.144515,0.148,1455302389.0
470,24-02-2019,0.148345,0.150946,0.138863,0.140204,1788240279.0
471,25-02-2019,0.140143,0.144813,0.137227,0.143785,1485105629.0
472,26-02-2019,0.143725,0.145209,0.141523,0.143506,1368739497.0
473,27-02-2019,0.143567,0.144936,0.139173,0.143741,1389398798.0
474,28-02-2019,0.143675,0.144159,0.13965,0.139942,1288251595.0
475,01-03-2019,0.139968,0.143261,0.139968,0.141607,1333188472.0
476,02-03-2019,0.141451,0.142945,0.140548,0.14219,1230469085.0
477,03-03-2019,0.142121,0.143715,0.141395,0.141952,1118533107.0
478,04-03-2019,0.142251,0.142716,0.139437,0.140561,1187354813.0
479,05-03-2019,0.140458,0.141374,0.139078,0.139962,1369162126.0
480,06-03-2019,0.139961,0.140429,0.138819,0.13897,1217687260.0
481,07-03-2019,0.13888,0.141424,0.137749,0.139774,1262040047.0
482,08-03-2019,0.139865,0.140015,0.137774,0.138659,1228949286.0
483,09-03-2019,0.1388,0.141026,0.1381,0.139877,1214495515.0
484,10-03-2019,0.140038,0.14028,0.138555,0.139923,1021769621.0
485,11-03-2019,0.140052,0.140425,0.135962,0.137207,1410817660.0
486,12-03-2019,0.137427,0.141244,0.135937,0.140066,1449408262.0
487,13-03-2019,0.140268,0.142856,0.13982,0.140933,1208570308.0
488,14-03-2019,0.140747,0.14171,0.139966,0.141371,878894483.0
489,15-03-2019,0.141547,0.141931,0.139544,0.141257,997880365.0
490,16-03-2019,0.141166,0.144733,0.140677,0.14327,1190484854.0
491,17-03-2019,0.143506,0.144168,0.141823,0.143499,1219474680.0
492,18-03-2019,0.1432,0.143603,0.141638,0.142951,1506956776.0
493,19-03-2019,0.142943,0.144522,0.142392,0.144321,1418253864.0
494,20-03-2019,0.143862,0.144361,0.141398,0.141854,1232991165.0
495,21-03-2019,0.14215,0.142692,0.140344,0.141032,1302195836.0
496,22-03-2019,0.140851,0.143463,0.141474,0.141957,1192736227.0
497,23-03-2019,0.142292,0.143871,0.141573,0.142781,1087689650.0
498,24-03-2019,0.142626,0.1439,0.140126,0.142053,1144200299.0
499,25-03-2019,0.142328,0.142872,0.13958,0.140858,1210182249.0
500,26-03-2019,0.140667,0.142277,0.13953,0.141843,1336574206.0
501,27-03-2019,0.141535,0.144271,0.14096,0.144015,1602110355.0
502,28-03-2019,0.14419,0.144357,0.142507,0.143479,1422473943.0
503,29-03-2019,0.143608,0.145942,0.142342,0.144953,1498652057.0
504,30-03-2019,0.145183,0.150384,0.143388,0.144468,1334136025.0
505,31-03-2019,0.144478,0.145847,0.14372,0.144342,1303310036.0
506,01-04-2019,0.14447,0.175233,0.144307,0.170322,3399121228.0
507,02-04-2019,0.170164,0.197354,0.165912,0.19262,4155775196.0
508,03-04-2019,0.19137,0.251766,0.190976,0.217915,6188482154.0
509,04-04-2019,0.217507,0.282572,0.214505,0.255022,11356570278.0
510,05-04-2019,0.253759,0.259013,0.235774,0.248514,4384477881.0
511,06-04-2019,0.248823,0.248823,0.23643,0.238086,3208428303.0
512,07-04-2019,0.238127,0.243476,0.225431,0.236394,3474078374.0
513,08-04-2019,0.237118,0.23772,0.209544,0.211786,4326451716.0
514,09-04-2019,0.211758,0.213591,0.195654,0.199774,3685987045.0
515,10-04-2019,0.1996,0.213006,0.198954,0.208937,3507212493.0
516,11-04-2019,0.208732,0.20959,0.188843,0.19251,3166728990.0
517,12-04-2019,0.192646,0.198808,0.188352,0.197494,2965558438.0
518,13-04-2019,0.197259,0.200989,0.195048,0.198658,2411756239.0
519,14-04-2019,0.19873,0.200793,0.19627,0.199347,2123078337.0
520,15-04-2019,0.199509,0.202196,0.190509,0.193798,2547187442.0
521,16-04-2019,0.193801,0.198598,0.1906,0.197121,2221256597.0
522,17-04-2019,0.197245,0.198903,0.191531,0.195079,2223650581.0
523,18-04-2019,0.195479,0.205373,0.194764,0.204412,2955385229.0
524,19-04-2019,0.204354,0.204587,0.199436,0.200732,2502157481.0
525,20-04-2019,0.200642,0.201433,0.198489,0.20136,2466285535.0
526,21-04-2019,0.201255,0.201636,0.189041,0.191432,2572095784.0
527,22-04-2019,0.191346,0.196781,0.190032,0.195029,2532540968.0
528,23-04-2019,0.19541,0.199081,0.193078,0.193431,2599683454.0
529,24-04-2019,0.193605,0.19387,0.178625,0.182212,3030623038.0
530,25-04-2019,0.181891,0.183696,0.174714,0.175827,2345226739.0
531,26-04-2019,0.175377,0.176424,0.172034,0.175987,2310040118.0
532,27-04-2019,0.175704,0.177785,0.173836,0.175762,1899598136.0
533,28-04-2019,0.176003,0.179021,0.174765,0.176816,1788229151.0
534,29-04-2019,0.176543,0.178138,0.170554,0.17221,2302321988.0
535,30-04-2019,0.172404,0.17522,0.170448,0.1748,2417645359.0
536,01-05-2019,0.17463,0.177617,0.172215,0.175584,2111348615.0
537,02-05-2019,0.175858,0.184444,0.175184,0.181321,2395922300.0
538,03-05-2019,0.181248,0.190929,0.18016,0.188214,2834207194.0
539,04-05-2019,0.186642,0.192516,0.180382,0.185369,2754313230.0
540,05-05-2019,0.187372,0.187372,0.181393,0.183521,2294073365.0
541,06-05-2019,0.182147,0.184051,0.17459,0.176449,2569624817.0
542,07-05-2019,0.176554,0.182573,0.176555,0.176591,2655617817.0
543,08-05-2019,0.176413,0.17886,0.174224,0.17687,2245033050.0
544,09-05-2019,0.176843,0.178064,0.172732,0.175478,2156562122.0
545,10-05-2019,0.175734,0.179065,0.171406,0.17634,2271451844.0
546,11-05-2019,0.175867,0.195733,0.175775,0.192587,3393255978.0
547,12-05-2019,0.192809,0.197231,0.182671,0.186393,3117388263.0
548,13-05-2019,0.186196,0.199181,0.185235,0.194595,3319497633.0
549,14-05-2019,0.194732,0.22486,0.194022,0.215717,4108868097.0
550,15-05-2019,0.216084,0.232891,0.21484,0.232286,4049769751.0
551,16-05-2019,0.232409,0.247602,0.218299,0.222536,4785348050.0
552,17-05-2019,0.222578,0.223778,0.198751,0.208387,4677818326.0
553,18-05-2019,0.208633,0.214872,0.203765,0.211426,3858565000.0
554,19-05-2019,0.211798,0.224601,0.211047,0.223421,4490571860.0
555,20-05-2019,0.223442,0.223925,0.204254,0.212418,3942168760.0
556,21-05-2019,0.212458,0.216761,0.20687,0.214954,3819728141.0
557,22-05-2019,0.214666,0.215243,0.202802,0.204677,4180151813.0
558,23-05-2019,0.204544,0.207627,0.195318,0.20624,3860866771.0
559,24-05-2019,0.206178,0.209646,0.204444,0.207765,4285428936.0
560,25-05-2019,0.207846,0.208876,0.205216,0.207497,4038915681.0
561,26-05-2019,0.207223,0.21609,0.203603,0.214531,4780388990.0
562,27-05-2019,0.214964,0.222836,0.214215,0.218305,5341909054.0
563,28-05-2019,0.218369,0.220616,0.213851,0.219288,4726072117.0
564,29-05-2019,0.219352,0.219313,0.215032,0.218345,5184155286.0
565,30-05-2019,0.218175,0.251411,0.216714,0.227212,6781727434.0
566,31-05-2019,0.227071,0.239578,0.221379,0.239431,5928441000.0
567,01-06-2019,0.239578,0.244911,0.233795,0.237885,5920730805.0
568,02-06-2019,0.238359,0.239895,0.232556,0.236405,5170866677.0
569,03-06-2019,0.236395,0.237268,0.220902,0.221216,5313580795.0
570,04-06-2019,0.222238,0.222238,0.206939,0.210827,5387629296.0
571,05-06-2019,0.210627,0.214998,0.206529,0.213084,5035795027.0
572,06-06-2019,0.213197,0.21647,0.208096,0.213446,4951372286.0
573,07-06-2019,0.213497,0.221698,0.212258,0.215831,4946679127.0
574,08-06-2019,0.216173,0.221442,0.20937,0.214,4836443192.0
575,09-06-2019,0.2135,0.223329,0.20651,0.208886,4815950317.0
576,10-06-2019,0.209015,0.217841,0.207478,0.214918,4855036336.0
577,11-06-2019,0.214883,0.217981,0.208123,0.212179,4515334016.0
578,12-06-2019,0.212414,0.214614,0.209207,0.2132,4834366196.0
579,13-06-2019,0.212935,0.220303,0.2106,0.213808,4657565020.0
580,14-06-2019,0.213846,0.219584,0.211814,0.218329,4140589402.0
581,15-06-2019,0.219104,0.223906,0.216389,0.220625,4432873774.0
582,16-06-2019,0.219775,0.233102,0.219102,0.222338,4800080257.0
583,17-06-2019,0.222429,0.225304,0.21831,0.22295,4220031595.0
584,18-06-2019,0.223142,0.223536,0.216081,0.217139,3815235926.0
585,19-06-2019,0.216984,0.21958,0.215806,0.217849,2475484024.0
586,20-06-2019,0.218773,0.222719,0.215095,0.219724,2509850334.0
587,21-06-2019,0.220196,0.226088,0.217834,0.224235,2951843810.0
588,22-06-2019,0.224648,0.233393,0.221625,0.228168,3992040529.0
589,23-06-2019,0.228548,0.243277,0.226126,0.229925,3077473022.0
590,24-06-2019,0.23057,0.237631,0.225027,0.23328,2960766265.0
591,25-06-2019,0.233202,0.235395,0.226631,0.235211,2842808295.0
592,26-06-2019,0.235091,0.23867,0.225108,0.233997,4468336309.0
593,27-06-2019,0.234761,0.241298,0.206447,0.229872,5259073114.0
594,28-06-2019,0.23007,0.242864,0.22867,0.240606,4503210773.0
595,29-06-2019,0.239875,0.240371,0.228512,0.234777,3212712740.0
596,30-06-2019,0.235664,0.237576,0.223887,0.224627,3002737311.0
597,01-07-2019,0.224107,0.229005,0.213115,0.223114,2947353884.0
598,02-07-2019,0.223045,0.231455,0.212344,0.220701,2864581537.0
599,03-07-2019,0.220932,0.229506,0.218422,0.227945,2585981943.0
600,04-07-2019,0.227995,0.23012,0.215597,0.221538,2500018695.0
601,05-07-2019,0.221385,0.305919,0.215038,0.264668,12863408141.0
602,06-07-2019,0.265068,0.271593,0.237549,0.242766,4451425637.0
603,07-07-2019,0.243187,0.250413,0.239237,0.2487,3037808176.0
604,08-07-2019,0.248835,0.249461,0.241103,0.244246,2860805393.0
605,09-07-2019,0.244061,0.248115,0.237401,0.243287,2921177809.0
606,10-07-2019,0.243439,0.246807,0.229944,0.234113,3355875289.0
607,11-07-2019,0.233631,0.234295,0.218369,0.222041,2985982096.0
608,12-07-2019,0.22195,0.230969,0.219697,0.228997,2428977801.0
609,13-07-2019,0.229224,0.229767,0.217592,0.222734,1867807487.0
610,14-07-2019,0.222793,0.223449,0.206331,0.206633,2491375478.0
611,15-07-2019,0.207013,0.214705,0.200391,0.211935,2949220322.0
612,16-07-2019,0.211993,0.214175,0.192404,0.193989,2814186593.0
613,17-07-2019,0.193586,0.218687,0.19039,0.208467,2878287143.0
614,18-07-2019,0.20854,0.216578,0.198066,0.214934,2769463833.0
615,19-07-2019,0.214866,0.215488,0.204452,0.210873,1444733431.0
616,20-07-2019,0.211216,0.219724,0.209465,0.214943,1614760807.0
617,21-07-2019,0.214911,0.218273,0.205608,0.21173,1263202680.0
618,22-07-2019,0.211749,0.214004,0.204503,0.206569,1321729624.0
619,23-07-2019,0.206775,0.207025,0.198385,0.198828,1450105168.0
620,24-07-2019,0.198802,0.201274,0.19431,0.201142,1644794812.0
621,25-07-2019,0.200796,0.208248,0.200439,0.201976,1428028213.0
622,26-07-2019,0.201946,0.203143,0.199038,0.201118,1338568106.0
623,27-07-2019,0.201255,0.208666,0.192582,0.194375,1439255577.0
624,28-07-2019,0.194309,0.198816,0.192291,0.196955,1369203854.0
625,29-07-2019,0.196935,0.199729,0.193076,0.195262,1309947688.0
626,30-07-2019,0.194634,0.198803,0.192538,0.193953,1163347328.0
627,31-07-2019,0.193857,0.201196,0.193857,0.200089,1470670517.0
628,01-08-2019,0.200161,0.205067,0.197602,0.204968,1400458925.0
629,02-08-2019,0.204948,0.207302,0.201845,0.202652,1292387439.0
630,03-08-2019,0.202579,0.206245,0.202059,0.202885,1101708411.0
631,04-08-2019,0.202925,0.207858,0.199539,0.204715,1340298379.0
632,05-08-2019,0.204716,0.224383,0.204657,0.219697,2208672027.0
633,06-08-2019,0.219795,0.234608,0.20705,0.209206,1403034676.0
634,07-08-2019,0.209246,0.216737,0.20898,0.213946,1889782173.0
635,08-08-2019,0.213859,0.214401,0.201477,0.206384,1197734192.0
636,09-08-2019,0.206454,0.207618,0.203094,0.206332,1529413344.0
637,10-08-2019,0.20636,0.208051,0.198621,0.201924,1273135352.0
638,11-08-2019,0.202086,0.206129,0.201687,0.205892,1153006809.0
639,12-08-2019,0.205725,0.206077,0.204465,0.205299,1536520868.0
640,13-08-2019,0.205481,0.206014,0.198461,0.20081,1941296332.0
641,14-08-2019,0.200714,0.201276,0.194429,0.194943,2462812706.0
642,15-08-2019,0.194833,0.197244,0.184601,0.188531,2294348512.0
643,16-08-2019,0.188604,0.193105,0.182369,0.190707,1408331775.0
644,17-08-2019,0.190953,0.191397,0.186345,0.188233,1333757980.0
645,18-08-2019,0.188345,0.194236,0.186551,0.193692,1482111796.0
646,19-08-2019,0.193695,0.202233,0.193248,0.200742,1456910478.0
647,20-08-2019,0.200793,0.200554,0.194818,0.197557,1407118354.0
648,21-08-2019,0.197627,0.198033,0.1871,0.191097,1504483013.0
649,22-08-2019,0.191193,0.196444,0.186954,0.194234,1569046435.0
650,23-08-2019,0.194843,0.20819,0.190496,0.194895,1552566155.0
651,24-08-2019,0.19486,0.195703,0.187755,0.191136,1601505005.0
652,25-08-2019,0.191241,0.207422,0.188521,0.190373,1625291577.0
653,26-08-2019,0.189644,0.203151,0.189584,0.192977,1654639179.0
654,27-08-2019,0.192996,0.199447,0.185938,0.187463,1520345502.0
655,28-08-2019,0.187588,0.188988,0.180392,0.181272,1695371225.0
656,29-08-2019,0.181241,0.181314,0.171548,0.175611,2053315526.0
657,30-08-2019,0.175705,0.178523,0.173975,0.178036,1708068703.0
658,31-08-2019,0.178054,0.181404,0.176412,0.180165,1716540439.0
659,01-09-2019,0.180213,0.181719,0.175292,0.178752,1631560369.0
660,02-09-2019,0.178803,0.1883,0.177188,0.186817,1871217229.0
661,03-09-2019,0.187009,0.196645,0.185009,0.187303,2926393317.0
662,04-09-2019,0.187354,0.193976,0.182921,0.193609,1988375898.0
663,05-09-2019,0.193642,0.193746,0.180085,0.182077,2322370657.0
664,06-09-2019,0.181938,0.189388,0.176321,0.179874,2120135033.0
665,07-09-2019,0.180298,0.184175,0.177709,0.180299,2490416485.0
666,08-09-2019,0.180016,0.18348,0.176889,0.179301,2258378291.0
667,09-09-2019,0.179832,0.179817,0.173331,0.176657,2482209869.0
668,10-09-2019,0.176627,0.178687,0.173178,0.175138,2145446095.0
669,11-09-2019,0.174789,0.176184,0.170934,0.171676,2169229273.0
670,12-09-2019,0.171656,0.173611,0.168707,0.172894,2746004861.0
671,13-09-2019,0.172858,0.172667,0.170276,0.172294,2427285829.0
672,14-09-2019,0.172398,0.174114,0.170864,0.173351,2575135625.0
673,15-09-2019,0.173508,0.176604,0.1732,0.174768,2547389669.0
674,16-09-2019,0.174855,0.178277,0.174064,0.176183,2232806263.0
675,17-09-2019,0.176132,0.186952,0.175517,0.18705,2792408962.0
676,18-09-2019,0.186982,0.213171,0.185159,0.19352,3240831730.0
677,19-09-2019,0.193504,0.195128,0.184449,0.193424,3317185092.0
678,20-09-2019,0.193451,0.193915,0.187964,0.190296,3228296032.0
679,21-09-2019,0.18993,0.190291,0.181983,0.184142,3403759680.0
680,22-09-2019,0.184789,0.185754,0.181289,0.18457,2705474303.0
681,23-09-2019,0.184215,0.184819,0.175761,0.176008,2520738133.0
682,24-09-2019,0.176255,0.177276,0.147375,0.158083,3977645147.0
683,25-09-2019,0.158198,0.159288,0.15006,0.155949,4187779821.0
684,26-09-2019,0.156296,0.158173,0.147283,0.15295,3333219269.0
685,27-09-2019,0.152956,0.157398,0.150579,0.156905,3367585329.0
686,28-09-2019,0.157015,0.158506,0.155591,0.157525,2555219322.0
687,29-09-2019,0.157808,0.165041,0.154376,0.156757,2951565313.0
688,30-09-2019,0.156994,0.170772,0.153379,0.168654,4021207413.0
689,01-10-2019,0.169025,0.177599,0.169314,0.169817,2884490915.0
690,02-10-2019,0.170021,0.171573,0.164768,0.167308,2997035312.0
691,03-10-2019,0.167112,0.168006,0.162682,0.165115,2612994144.0
692,04-10-2019,0.165025,0.167336,0.162041,0.16714,3034348568.0
693,05-10-2019,0.166792,0.16838,0.163385,0.16448,2787668960.0
694,06-10-2019,0.16451,0.167299,0.162185,0.166187,2839683158.0
695,07-10-2019,0.165855,0.171026,0.163665,0.169939,3420731195.0
696,08-10-2019,0.169898,0.171543,0.165636,0.167076,3534124396.0
697,09-10-2019,0.166622,0.170837,0.16479,0.169824,2835448106.0
698,10-10-2019,0.170096,0.17066,0.1654,0.165539,3507917907.0
699,11-10-2019,0.165583,0.169038,0.162649,0.166607,2896684159.0
700,12-10-2019,0.165423,0.169336,0.164159,0.166253,3231893973.0
701,13-10-2019,0.166162,0.186005,0.165049,0.173586,4485906077.0
702,14-10-2019,0.173668,0.187165,0.172215,0.181355,4450110528.0
703,15-10-2019,0.181366,0.183512,0.178406,0.179434,3645066943.0
704,16-10-2019,0.179364,0.186882,0.17897,0.186079,3597155434.0
705,17-10-2019,0.185838,0.20858,0.184825,0.195955,4927139647.0
706,18-10-2019,0.196086,0.203744,0.189617,0.192371,4330096264.0
707,19-10-2019,0.192221,0.198717,0.189692,0.194978,4962438542.0
708,20-10-2019,0.194944,0.197307,0.190873,0.193974,5238823731.0
709,21-10-2019,0.194076,0.199719,0.185555,0.196751,5878406405.0
710,22-10-2019,0.196656,0.196902,0.181329,0.18175,5350248889.0
711,23-10-2019,0.181648,0.183381,0.169252,0.17645,5597265093.0
712,24-10-2019,0.176198,0.181105,0.173885,0.180247,5765276557.0
713,25-10-2019,0.180309,0.192264,0.177617,0.190107,6980097447.0
714,26-10-2019,0.190148,0.202496,0.183571,0.185712,8399812575.0
715,27-10-2019,0.185656,0.194617,0.183805,0.187996,7052217728.0
716,28-10-2019,0.18812,0.192707,0.185932,0.187209,6524937321.0
717,29-10-2019,0.18728,0.193424,0.187071,0.188205,5983131300.0
718,30-10-2019,0.188274,0.190117,0.18438,0.185353,6243493886.0
719,31-10-2019,0.185499,0.189474,0.183622,0.185645,5117795974.0
720,01-11-2019,0.185748,0.186611,0.182805,0.185976,5534979429.0
721,02-11-2019,0.186049,0.187409,0.183603,0.185263,4459283788.0
722,03-11-2019,0.185287,0.188547,0.184878,0.185932,4082856959.0
723,04-11-2019,0.185791,0.186565,0.183355,0.185015,4533363624.0
724,05-11-2019,0.184989,0.187529,0.182117,0.185687,5552718463.0
725,06-11-2019,0.18563,0.188055,0.185883,0.186617,6263948287.0
726,07-11-2019,0.186598,0.193862,0.185224,0.193635,6901602788.0
727,08-11-2019,0.193487,0.194055,0.185783,0.189357,6283965924.0
728,09-11-2019,0.189414,0.195708,0.189132,0.193636,6646631309.0
729,10-11-2019,0.193606,0.198746,0.191766,0.198053,6904040546.0
730,11-11-2019,0.198068,0.198394,0.191075,0.194296,6055278276.0
731,12-11-2019,0.194204,0.195751,0.192083,0.195629,5205264203.0
732,13-11-2019,0.195469,0.195651,0.191165,0.194632,5842428874.0
733,14-11-2019,0.194383,0.194661,0.190195,0.192885,5567270396.0
734,15-11-2019,0.193009,0.193518,0.186765,0.190308,5651159890.0
735,16-11-2019,0.190309,0.191607,0.188867,0.191257,5125263884.0
736,17-11-2019,0.191251,0.194726,0.189216,0.189711,5337437360.0
737,18-11-2019,0.189681,0.194406,0.183347,0.185348,5217562483.0
738,19-11-2019,0.185316,0.187411,0.180694,0.183105,6148252576.0
739,20-11-2019,0.183119,0.193688,0.182719,0.183489,5547468629.0
740,21-11-2019,0.183428,0.184196,0.170638,0.174066,6888006899.0
741,22-11-2019,0.17405,0.180695,0.160534,0.169582,7869858247.0
742,23-11-2019,0.169709,0.179992,0.167077,0.179815,8058562387.0
743,24-11-2019,0.180097,0.180231,0.164991,0.169828,7284894389.0
744,25-11-2019,0.170063,0.170063,0.15242,0.163888,9290304991.0
745,26-11-2019,0.16393,0.167634,0.161896,0.163677,7163413180.0
746,27-11-2019,0.163639,0.167993,0.159017,0.166616,7148408678.0
747,28-11-2019,0.166454,0.170125,0.165512,0.165512,7009722074.0
748,29-11-2019,0.165632,0.176336,0.165246,0.17624,7021835336.0
749,30-11-2019,0.176219,0.177522,0.166011,0.166447,6426690831.0
750,01-12-2019,0.166471,0.171796,0.161957,0.164444,5525431267.0
751,02-12-2019,0.16451,0.165932,0.157905,0.160094,4783964347.0
752,03-12-2019,0.159998,0.161601,0.155014,0.159089,4485376557.0
753,04-12-2019,0.15911,0.160293,0.154785,0.157866,5229604220.0
754,05-12-2019,0.157892,0.164321,0.155325,0.158708,4766172165.0
755,06-12-2019,0.158553,0.162546,0.155434,0.158708,4772119122.0
756,07-12-2019,0.158989,0.160298,0.156921,0.159016,4486941182.0
757,08-12-2019,0.158984,0.166926,0.157353,0.159532,3952638889.0
758,09-12-2019,0.159473,0.159889,0.156242,0.1567,4449587936.0
759,10-12-2019,0.156722,0.157647,0.155051,0.156096,4944261643.0
760,11-12-2019,0.155949,0.158587,0.15431,0.15454,4534959157.0
761,12-12-2019,0.154584,0.155775,0.153109,0.154404,4674457204.0
762,13-12-2019,0.15436,0.1562,0.153016,0.153746,4655025601.0
763,14-12-2019,0.153727,0.155788,0.151996,0.153374,5079020602.0
764,15-12-2019,0.153434,0.153498,0.147018,0.152243,4700100572.0
765,16-12-2019,0.152246,0.154872,0.149736,0.150357,4847696105.0
766,17-12-2019,0.150298,0.152751,0.141853,0.14333,6062831444.0
767,18-12-2019,0.143811,0.155624,0.142561,0.154988,6968435597.0
768,19-12-2019,0.15495,0.156113,0.145702,0.151247,5631903994.0
769,20-12-2019,0.151514,0.152259,0.145802,0.147511,4769624764.0
770,21-12-2019,0.147663,0.148454,0.145295,0.14815,4741127850.0
771,22-12-2019,0.148047,0.150788,0.147179,0.15039,5046451343.0
772,23-12-2019,0.150229,0.151921,0.146312,0.147629,5534454395.0
773,24-12-2019,0.147659,0.150636,0.146114,0.147706,5120772458.0
774,25-12-2019,0.147673,0.149469,0.145059,0.148821,5644309284.0
775,26-12-2019,0.148631,0.149479,0.145946,0.146711,5126988642.0
776,27-12-2019,0.146793,0.148406,0.144875,0.146609,5391829156.0
777,28-12-2019,0.146644,0.149304,0.146515,0.147444,4609873190.0
778,29-12-2019,0.147359,0.15101,0.146885,0.147738,4793764459.0
779,30-12-2019,0.14784,0.148183,0.145618,0.146529,5218715491.0
780,31-12-2019,0.146663,0.146663,0.144051,0.144624,4953265132.0
781,01-01-2020,0.144601,0.146223,0.1442,0.144779,3645515773.0
782,02-01-2020,0.144896,0.150539,0.141502,0.143318,4642855784.0
783,03-01-2020,0.14327,0.156304,0.142117,0.153954,4493672943.0
784,04-01-2020,0.153872,0.178669,0.147106,0.160827,6761865486.0
785,05-01-2020,0.160745,0.178778,0.151902,0.173602,3777045661.0
786,06-01-2020,0.173547,0.184723,0.171185,0.176833,3917405908.0
787,07-01-2020,0.178402,0.179052,0.169086,0.175077,3797480994.0
788,08-01-2020,0.1751,0.177456,0.161869,0.16382,5519382032.0
789,09-01-2020,0.163708,0.164759,0.153373,0.160625,5032896493.0
790,10-01-2020,0.160514,0.167521,0.156298,0.167235,6224729149.0
791,11-01-2020,0.166872,0.168382,0.16297,0.164171,6684720139.0
792,12-01-2020,0.164125,0.17121,0.164125,0.168939,5636267605.0
793,13-01-2020,0.168966,0.170467,0.164542,0.166761,5930608041.0
794,14-01-2020,0.166774,0.178143,0.165701,0.175013,9114473036.0
795,15-01-2020,0.17484,0.180049,0.167128,0.167522,9119175265.0
796,16-01-2020,0.167765,0.171407,0.16268,0.16638,6962461612.0
797,17-01-2020,0.166476,0.17878,0.163942,0.176892,8365597533.0
798,18-01-2020,0.176911,0.180303,0.174231,0.17811,7682235374.0
799,19-01-2020,0.178619,0.18258,0.16761,0.170875,7679308853.0
800,20-01-2020,0.170895,0.172138,0.16761,0.168649,6537124508.0
801,21-01-2020,0.16868,0.170686,0.166374,0.169154,6002009073.0
802,22-01-2020,0.169127,0.170809,0.165009,0.165219,5891613837.0
803,23-01-2020,0.165211,0.167595,0.15962,0.161753,6552936499.0
804,24-01-2020,0.161782,0.163608,0.157683,0.162327,6195752498.0
805,25-01-2020,0.162343,0.162353,0.15943,0.161006,5878747462.0
806,26-01-2020,0.161018,0.164521,0.159739,0.164382,5239562250.0
807,27-01-2020,0.164368,0.172428,0.163064,0.16917,6360722932.0
808,28-01-2020,0.169,0.174742,0.168807,0.174509,6520546242.0
809,29-01-2020,0.174581,0.17609,0.17041,0.17041,5753021145.0
810,30-01-2020,0.170518,0.175077,0.16962,0.17466,6009583579.0
811,31-01-2020,0.174622,0.175945,0.169361,0.171138,5471053095.0
812,01-02-2020,0.170972,0.173794,0.170311,0.173173,5629175623.0
813,02-02-2020,0.173106,0.179172,0.171211,0.176494,6545913270.0
814,03-02-2020,0.176283,0.180113,0.173108,0.17402,5624378258.0
815,04-02-2020,0.17392,0.17801,0.171058,0.17801,6384967037.0
816,05-02-2020,0.177974,0.187201,0.177222,0.183812,7527745874.0
817,06-02-2020,0.18388,0.190493,0.183236,0.189173,7751464203.0
818,07-02-2020,0.189222,0.198131,0.188738,0.198009,9316666690.0
819,08-02-2020,0.197876,0.229467,0.194686,0.22589,14575233593.0
820,09-02-2020,0.225685,0.252516,0.225426,0.231158,15652054127.0
821,10-02-2020,0.231275,0.236199,0.207146,0.212925,13945094576.0
822,11-02-2020,0.214716,0.219789,0.203913,0.216759,12100474272.0
823,12-02-2020,0.216755,0.226263,0.214792,0.220534,12935423184.0
824,13-02-2020,0.21845,0.229867,0.212045,0.215681,12013559361.0
825,14-02-2020,0.21378,0.225247,0.212741,0.223868,10074509033.0
826,15-02-2020,0.221601,0.227502,0.203046,0.208828,10351804206.0
827,16-02-2020,0.208639,0.212045,0.187802,0.198443,10717172635.0
828,17-02-2020,0.195964,0.198267,0.181773,0.193548,10676934812.0
829,18-02-2020,0.191061,0.203722,0.189469,0.203252,10321757401.0
830,19-02-2020,0.203203,0.205731,0.187948,0.187948,9804596199.0
831,20-02-2020,0.188032,0.191441,0.184876,0.191118,13504232790.0
832,21-02-2020,0.190929,0.19458,0.187913,0.190378,11333248896.0
833,22-02-2020,0.190538,0.190889,0.185271,0.187009,11224938011.0
834,23-02-2020,0.186892,0.192825,0.18664,0.192669,12993017559.0
835,24-02-2020,0.192604,0.193114,0.184318,0.186577,11466179420.0
836,25-02-2020,0.186618,0.186536,0.175027,0.177988,12833556468.0
837,26-02-2020,0.177937,0.178763,0.15837,0.167659,14432910214.0
838,27-02-2020,0.167511,0.171744,0.164693,0.166604,11672783021.0
839,28-02-2020,0.16657,0.170248,0.160742,0.165184,11082070886.0
840,29-02-2020,0.164963,0.167465,0.160985,0.161294,10583441062.0
841,01-03-2020,0.161185,0.165772,0.160465,0.164179,11723905416.0
842,02-03-2020,0.164447,0.172087,0.162813,0.170095,12007074456.0
843,03-03-2020,0.170077,0.185345,0.167927,0.183509,12848616541.0
844,04-03-2020,0.183545,0.184117,0.173841,0.176242,10627482552.0
845,05-03-2020,0.176324,0.186222,0.176024,0.185068,7748396102.0
846,06-03-2020,0.184969,0.186143,0.180602,0.184674,7419545409.0
847,07-03-2020,0.185041,0.185922,0.177678,0.17795,6522681953.0
848,08-03-2020,0.178082,0.178178,0.161651,0.161841,7529011090.0
849,09-03-2020,0.162029,0.16546,0.155903,0.164824,10199846406.0
850,10-03-2020,0.165008,0.166996,0.159923,0.163788,8568197906.0
851,11-03-2020,0.163887,0.163966,0.155371,0.16197,7968306523.0
852,12-03-2020,0.161952,0.16226,0.114266,0.114424,12497367290.0
853,13-03-2020,0.114642,0.133067,0.094122,0.128528,16173130495.0
854,14-03-2020,0.12845,0.131974,0.121264,0.123197,8386144506.0
855,15-03-2020,0.123039,0.134462,0.122373,0.124584,8857106895.0
856,16-03-2020,0.124478,0.125636,0.107785,0.117938,9981500302.0
857,17-03-2020,0.118212,0.124085,0.11578,0.117506,7602179839.0
858,18-03-2020,0.117723,0.119447,0.116552,0.117391,7662972627.0
859,19-03-2020,0.117447,0.138577,0.117102,0.133278,18931978740.0
860,20-03-2020,0.133143,0.145022,0.12698,0.134047,14229944547.0
861,21-03-2020,0.133901,0.13996,0.128045,0.134952,12564075694.0
862,22-03-2020,0.134955,0.14123,0.129828,0.130746,12183106005.0
863,23-03-2020,0.130488,0.139095,0.128902,0.138178,12753045281.0
864,24-03-2020,0.138222,0.145508,0.137139,0.140587,13455276150.0
865,25-03-2020,0.14068,0.143608,0.137133,0.139097,12390797104.0
866,26-03-2020,0.139026,0.13984,0.137838,0.137613,12139695044.0
867,27-03-2020,0.137752,0.13978,0.135095,0.135306,12453830240.0
868,28-03-2020,0.135158,0.135392,0.128504,0.133116,12727358247.0
869,29-03-2020,0.133047,0.135134,0.129486,0.129927,11808526322.0
870,30-03-2020,0.129918,0.140849,0.129267,0.138079,12310260254.0
871,31-03-2020,0.13956,0.13956,0.135988,0.136427,11766987800.0
872,01-04-2020,0.136492,0.143,0.135974,0.14296,12515578970.0
873,02-04-2020,0.143056,0.148014,0.141353,0.143363,12635381283.0
874,03-04-2020,0.143444,0.146187,0.14007,0.141611,12312931383.0
875,04-04-2020,0.141598,0.145945,0.140706,0.143702,12292132991.0
876,05-04-2020,0.143693,0.145897,0.141134,0.142194,11631015503.0
877,06-04-2020,0.142255,0.150688,0.141174,0.150438,13156819313.0
878,07-04-2020,0.149829,0.153165,0.146955,0.151086,9788447355.0
879,08-04-2020,0.150236,0.154861,0.148457,0.152834,8833931297.0
880,09-04-2020,0.152919,0.154513,0.151274,0.153452,8346758943.0
881,10-04-2020,0.153437,0.153607,0.143985,0.14993,9301820245.0
882,11-04-2020,0.149918,0.152676,0.147871,0.151567,12292403428.0
883,12-04-2020,0.151551,0.153053,0.14863,0.151599,12941831092.0
884,13-04-2020,0.151556,0.151626,0.144381,0.149381,12762485186.0
885,14-04-2020,0.149308,0.150468,0.147497,0.149233,14352834863.0
886,15-04-2020,0.149157,0.150122,0.146084,0.148449,12997732863.0
887,16-04-2020,0.148453,0.155934,0.14437,0.155845,13823911568.0
888,17-04-2020,0.155865,0.15532,0.152522,0.154008,12358590905.0
889,18-04-2020,0.153979,0.157754,0.153544,0.157661,12866436145.0
890,19-04-2020,0.157568,0.158576,0.155134,0.157603,13214187351.0
891,20-04-2020,0.157604,0.157899,0.150364,0.151821,12998975220.0
892,21-04-2020,0.151828,0.155919,0.150215,0.151746,12596335790.0
893,22-04-2020,0.15168,0.15541,0.151121,0.153642,12512438806.0
894,23-04-2020,0.153622,0.160935,0.152562,0.15557,13603024178.0
895,24-04-2020,0.155571,0.162045,0.155184,0.160478,15993364260.0
896,25-04-2020,0.160411,0.163774,0.159266,0.163402,17534993000.0
897,26-04-2020,0.163326,0.186468,0.162974,0.183769,21958375430.0
898,27-04-2020,0.183874,0.184158,0.175847,0.17941,21030072526.0
899,28-04-2020,0.179333,0.180807,0.177019,0.177923,19391096278.0
900,29-04-2020,0.177933,0.19131,0.17701,0.189459,22256793254.0
901,30-04-2020,0.189429,0.202088,0.18026,0.184218,22514903868.0
902,01-05-2020,0.184333,0.193693,0.184897,0.189185,21459523208.0
903,02-05-2020,0.189291,0.193601,0.187502,0.19332,20410314251.0
904,03-05-2020,0.193199,0.194793,0.187473,0.189614,20028163786.0
905,04-05-2020,0.189656,0.189958,0.180982,0.187672,19776398660.0
906,05-05-2020,0.187682,0.190368,0.185421,0.188668,18671381688.0
907,06-05-2020,0.188564,0.196938,0.187803,0.192789,19162470385.0
908,07-05-2020,0.191936,0.20283,0.188722,0.201683,21539428147.0
909,08-05-2020,0.201349,0.202268,0.196268,0.19813,22020678140.0
910,09-05-2020,0.197887,0.198953,0.193703,0.197312,22273204059.0
911,10-05-2020,0.197176,0.197273,0.178296,0.18577,21965266851.0
912,11-05-2020,0.18561,0.190617,0.177606,0.183223,21083773399.0
913,12-05-2020,0.18326,0.18882,0.182701,0.185629,19817113178.0
914,13-05-2020,0.185672,0.190685,0.185498,0.190176,20056832278.0
915,14-05-2020,0.189943,0.197996,0.189503,0.194338,21423865420.0
916,15-05-2020,0.194288,0.194554,0.188689,0.190133,19809979012.0
917,16-05-2020,0.19019,0.192306,0.188446,0.190645,19323328853.0
918,17-05-2020,0.19063,0.195614,0.190396,0.192466,19599711644.0
919,18-05-2020,0.192346,0.195763,0.19096,0.192307,20084053607.0
920,19-05-2020,0.19233,0.194058,0.189432,0.192174,13846638939.0
921,20-05-2020,0.192224,0.193586,0.18796,0.189446,13516025568.0
922,21-05-2020,0.189615,0.192481,0.183366,0.187971,15197329533.0
923,22-05-2020,0.188032,0.193223,0.187042,0.1925,16365960320.0
924,23-05-2020,0.192462,0.194896,0.189932,0.193326,15873756798.0
925,24-05-2020,0.19335,0.194625,0.186274,0.186783,14185024046.0
926,25-05-2020,0.186607,0.193194,0.185048,0.192753,16289890794.0
927,26-05-2020,0.192689,0.192902,0.186774,0.187698,14002336580.0
928,27-05-2020,0.187635,0.191591,0.187006,0.190508,14130775418.0
929,28-05-2020,0.190621,0.193574,0.188966,0.191035,16670154279.0
930,29-05-2020,0.19103,0.192472,0.189321,0.191248,15141301423.0
931,30-05-2020,0.191177,0.198298,0.190516,0.197506,15158176454.0
932,31-05-2020,0.19752,0.197678,0.192448,0.19293,14212312924.0
933,01-06-2020,0.192973,0.200942,0.192787,0.199863,14781661498.0
934,02-06-2020,0.199915,0.200565,0.189209,0.192262,15022162672.0
935,03-06-2020,0.192283,0.195824,0.191579,0.194541,14313939878.0
936,04-06-2020,0.194546,0.201372,0.194089,0.1985,14644781625.0
937,05-06-2020,0.198575,0.198809,0.19511,0.196144,14270100968.0
938,06-06-2020,0.196118,0.196929,0.193914,0.195498,13298472804.0
939,07-06-2020,0.195499,0.197185,0.19332,0.196806,14208812134.0
940,08-06-2020,0.196767,0.196846,0.193292,0.19486,14111228699.0
941,09-06-2020,0.194817,0.1951,0.189936,0.193955,13283004275.0
942,10-06-2020,0.193948,0.196299,0.192787,0.195571,13830304633.0
943,11-06-2020,0.195574,0.196651,0.185063,0.18631,13919601455.0
944,12-06-2020,0.186516,0.192376,0.185883,0.191424,14805542107.0
945,13-06-2020,0.191445,0.193003,0.189937,0.192405,14354494413.0
946,14-06-2020,0.192371,0.193999,0.189957,0.190694,13165975805.0
947,15-06-2020,0.190621,0.191101,0.183182,0.188377,15104707128.0
948,16-06-2020,0.188373,0.192838,0.185454,0.190001,14991399877.0
949,17-06-2020,0.190242,0.189909,0.187361,0.189807,14137298162.0
950,18-06-2020,0.18981,0.189777,0.186971,0.188834,13094200390.0
951,19-06-2020,0.188801,0.189042,0.185264,0.185659,13213064893.0
952,20-06-2020,0.185659,0.18804,0.184477,0.186568,12068831109.0
953,21-06-2020,0.186557,0.188917,0.186132,0.18656,12956628567.0
954,22-06-2020,0.186566,0.188952,0.186268,0.187478,13151909897.0
955,23-06-2020,0.187478,0.188109,0.186198,0.187839,12975474531.0
956,24-06-2020,0.187777,0.188652,0.180847,0.184034,13511324860.0
957,25-06-2020,0.184078,0.184128,0.180665,0.182604,12086629838.0
958,26-06-2020,0.18255,0.183346,0.17844,0.17839,11443959945.0
959,27-06-2020,0.178396,0.179904,0.173521,0.174921,11535841375.0
960,28-06-2020,0.174921,0.178578,0.172642,0.175856,13059116916.0
961,29-06-2020,0.175874,0.176779,0.173826,0.174646,13037419836.0
962,30-06-2020,0.174479,0.176897,0.173352,0.175259,12515429721.0
963,01-07-2020,0.175269,0.17934,0.173917,0.177595,11510640422.0
964,02-07-2020,0.175814,0.178098,0.172125,0.176844,8296997746.0
965,03-07-2020,0.176824,0.177224,0.172197,0.172929,8332370228.0
966,04-07-2020,0.172873,0.17473,0.170905,0.172463,8156345390.0
967,05-07-2020,0.172275,0.173805,0.170039,0.172433,8225246629.0
968,06-07-2020,0.172433,0.19574,0.171912,0.195141,9856067221.0
969,07-07-2020,0.195037,0.244113,0.193966,0.231416,21270412170.0
970,08-07-2020,0.231984,0.405742,0.229267,0.355953,91937608556.0
971,09-07-2020,0.354611,0.375712,0.310951,0.330367,38419021532.0
972,10-07-2020,0.330147,0.330147,0.258399,0.264173,16942640099.0
973,11-07-2020,0.265189,0.294748,0.261231,0.286567,11677813715.0
974,12-07-2020,0.286541,0.289018,0.271705,0.272797,6581052651.0
975,13-07-2020,0.272797,0.27342,0.230058,0.238989,10768639802.0
976,14-07-2020,0.23837,0.253773,0.230612,0.248156,7774783209.0
977,15-07-2020,0.24759,0.248725,0.230879,0.231854,5215456026.0
978,16-07-2020,0.231904,0.232809,0.217361,0.225157,5898519580.0
979,17-07-2020,0.224901,0.230998,0.22073,0.22924,5595248492.0
980,18-07-2020,0.229196,0.271803,0.226981,0.260088,15285153682.0
981,19-07-2020,0.259423,0.281071,0.249323,0.253293,8744000429.0
982,20-07-2020,0.253345,0.257338,0.236804,0.242138,6057665274.0
983,21-07-2020,0.241559,0.246632,0.238445,0.246338,5795622108.0
984,22-07-2020,0.246107,0.246289,0.240411,0.24511,4062012735.0
985,23-07-2020,0.244951,0.247814,0.243777,0.246621,4396696251.0
986,24-07-2020,0.246627,0.248651,0.237931,0.240583,4402048158.0
987,25-07-2020,0.24057,0.246213,0.238318,0.241661,4722854796.0
988,26-07-2020,0.241976,0.244325,0.23794,0.241819,4679398942.0
989,27-07-2020,0.241793,0.242085,0.22727,0.235876,6218969116.0
990,28-07-2020,0.235969,0.240921,0.234447,0.239486,4725092769.0
991,29-07-2020,0.239527,0.244112,0.237547,0.238842,4176002213.0
992,30-07-2020,0.238842,0.242936,0.23673,0.241588,4000667639.0
993,31-07-2020,0.241454,0.242337,0.237708,0.241676,4083477715.0
994,01-08-2020,0.241676,0.28448,0.240035,0.276389,11291028088.0
995,02-08-2020,0.276938,0.279941,0.244735,0.249931,7585418302.0
996,03-08-2020,0.249935,0.258888,0.247862,0.254726,5030944155.0
997,04-08-2020,0.254699,0.267276,0.253591,0.265318,5583556654.0
998,05-08-2020,0.265968,0.268056,0.260969,0.262744,4971469973.0
999,06-08-2020,0.263089,0.272391,0.25892,0.266656,4714779347.0
1000,07-08-2020,0.266905,0.270826,0.256875,0.26505,5176027563.0
1001,08-08-2020,0.26512,0.265287,0.259082,0.263317,4689836895.0
1002,09-08-2020,0.263201,0.265046,0.257132,0.259821,4277930816.0
1003,10-08-2020,0.260206,0.266469,0.258839,0.262028,5094437518.0
1004,11-08-2020,0.261683,0.267223,0.249926,0.253276,5860338295.0
1005,12-08-2020,0.253465,0.264381,0.249948,0.260529,5298580961.0
1006,13-08-2020,0.260446,0.265803,0.251822,0.26312,5484819519.0
1007,14-08-2020,0.262907,0.267888,0.260257,0.266544,4591186054.0
1008,15-08-2020,0.266679,0.269994,0.261969,0.264943,4813881678.0
1009,16-08-2020,0.265019,0.265849,0.259651,0.263925,3942740636.0
1010,17-08-2020,0.263925,0.278346,0.262042,0.268423,5802505822.0
1011,18-08-2020,0.26853,0.277268,0.259869,0.262062,4666282677.0
1012,19-08-2020,0.261626,0.263869,0.252561,0.256698,3996510995.0
1013,20-08-2020,0.256708,0.262566,0.254217,0.259403,3264776818.0
1014,21-08-2020,0.259275,0.266361,0.253937,0.254242,4542309160.0
1015,22-08-2020,0.254191,0.25825,0.251333,0.257907,3363190508.0
1016,23-08-2020,0.257596,0.258704,0.253854,0.255799,2958338226.0
1017,24-08-2020,0.25549,0.259632,0.253431,0.25359,3447822314.0
1018,25-08-2020,0.25356,0.254699,0.240484,0.245328,5703462609.0
1019,26-08-2020,0.245063,0.248383,0.241295,0.24531,5971829360.0
1020,27-08-2020,0.245054,0.246241,0.233778,0.236277,6628401869.0
1021,28-08-2020,0.236281,0.239213,0.235422,0.239018,4684389159.0
1022,29-08-2020,0.238931,0.241364,0.237049,0.240015,5714945715.0
1023,30-08-2020,0.240127,0.244529,0.239428,0.241328,5800982841.0
1024,31-08-2020,0.24143,0.241909,0.235262,0.236513,6269367131.0
1025,01-09-2020,0.236446,0.239732,0.234576,0.237903,5981486407.0
1026,02-09-2020,0.238044,0.23861,0.224585,0.228729,4149578679.0
1027,03-09-2020,0.228729,0.229528,0.204948,0.205842,4400072951.0
1028,04-09-2020,0.205593,0.216631,0.201308,0.212313,3913890000.0
1029,05-09-2020,0.21238,0.21493,0.199214,0.202032,4562937164.0
1030,06-09-2020,0.202032,0.206117,0.198036,0.204255,6563692780.0
1031,07-09-2020,0.204278,0.208076,0.199034,0.206489,7536241725.0
1032,08-09-2020,0.207134,0.208147,0.199139,0.203327,4216516175.0
1033,09-09-2020,0.203524,0.205929,0.199486,0.203782,5649921774.0
1034,10-09-2020,0.20474,0.209788,0.202174,0.206281,7667891115.0
1035,11-09-2020,0.206281,0.207739,0.201527,0.206189,9851545527.0
1036,12-09-2020,0.205905,0.207991,0.204352,0.207118,8605955050.0
1037,13-09-2020,0.207118,0.207473,0.201733,0.203987,9129984079.0
1038,14-09-2020,0.203952,0.20877,0.201578,0.205711,9433392442.0
1039,15-09-2020,0.205446,0.211814,0.204359,0.208446,7375328510.0
1040,16-09-2020,0.208361,0.210255,0.205435,0.207841,10926435654.0
1041,17-09-2020,0.20773,0.210251,0.204679,0.207028,11869436482.0
1042,18-09-2020,0.207028,0.207415,0.202293,0.206416,10884599307.0
1043,19-09-2020,0.205835,0.20711,0.204088,0.205646,10824116386.0
1044,20-09-2020,0.205676,0.206559,0.200346,0.204278,10732582383.0
1045,21-09-2020,0.204255,0.205639,0.192498,0.193539,5794681254.0
1046,22-09-2020,0.193159,0.196336,0.191533,0.195226,2680485285.0
1047,23-09-2020,0.194636,0.194851,0.187403,0.188915,5880986236.0
1048,24-09-2020,0.188681,0.195568,0.187007,0.194302,8273668205.0
1049,25-09-2020,0.194291,0.200689,0.192952,0.198877,9181167721.0
1050,26-09-2020,0.198894,0.202866,0.1974,0.200177,7972833708.0
1051,27-09-2020,0.198756,0.201489,0.196349,0.198404,5622772187.0
1052,28-09-2020,0.19967,0.201923,0.194656,0.195626,7572893356.0
1053,29-09-2020,0.196367,0.199819,0.194518,0.197986,8070332198.0
1054,30-09-2020,0.197799,0.197964,0.192443,0.193408,7845084798.0
1055,01-10-2020,0.193436,0.196307,0.189253,0.191622,8511788636.0
1056,02-10-2020,0.191518,0.192646,0.186424,0.189422,9402879586.0
1057,03-10-2020,0.189396,0.193542,0.18874,0.190553,8508822190.0
1058,04-10-2020,0.191073,0.196636,0.189886,0.193197,6772411333.0
1059,05-10-2020,0.193018,0.195156,0.190044,0.191007,9350155962.0
1060,06-10-2020,0.19101,0.192215,0.189321,0.192252,7779247567.0
1061,07-10-2020,0.190856,0.191793,0.188884,0.190326,9205693274.0
1062,08-10-2020,0.189531,0.192918,0.187566,0.190208,8013833439.0
1063,09-10-2020,0.191724,0.19457,0.190186,0.193532,7299879207.0
1064,10-10-2020,0.193675,0.198133,0.193649,0.193678,7050417773.0
1065,11-10-2020,0.194595,0.197441,0.193271,0.195215,7858790274.0
1066,12-10-2020,0.195251,0.198581,0.192705,0.196078,7426558296.0
1067,13-10-2020,0.195601,0.196274,0.192862,0.193465,5650522300.0
1068,14-10-2020,0.193351,0.194793,0.191932,0.193288,6398219830.0
1069,15-10-2020,0.19423,0.194272,0.188722,0.190227,6148106641.0
1070,16-10-2020,0.190384,0.19202,0.187583,0.191842,8657803095.0
1071,17-10-2020,0.191193,0.19185,0.188943,0.189568,9231416034.0
1072,18-10-2020,0.189558,0.191033,0.189232,0.189962,5309917264.0
1073,19-10-2020,0.190576,0.192067,0.188787,0.190081,6682792001.0
1074,20-10-2020,0.190135,0.192735,0.189304,0.191119,4818674398.0
1075,21-10-2020,0.191074,0.195714,0.190638,0.193922,3318922799.0
1076,22-10-2020,0.193644,0.198179,0.193486,0.195747,3315987916.0
1077,23-10-2020,0.19528,0.198432,0.194682,0.195432,3459578974.0
1078,24-10-2020,0.195424,0.195894,0.19372,0.195328,3307593757.0
1079,25-10-2020,0.195326,0.197606,0.193771,0.195898,4321803628.0
1080,26-10-2020,0.195895,0.213462,0.194606,0.198074,9033007632.0
1081,27-10-2020,0.198087,0.200334,0.193878,0.197551,5825232835.0
1082,28-10-2020,0.197547,0.199101,0.191121,0.192526,5404755812.0
1083,29-10-2020,0.192526,0.194327,0.187468,0.191698,4377431669.0
1084,30-10-2020,0.191699,0.193762,0.189027,0.193874,4733808748.0
1085,31-10-2020,0.193874,0.194238,0.190704,0.192201,4192501772.0
1086,01-11-2020,0.192201,0.193332,0.191114,0.19269,3398055833.0
1087,02-11-2020,0.192687,0.192886,0.187453,0.187426,3733616352.0
1088,03-11-2020,0.187426,0.188919,0.182356,0.188717,4694113948.0
1089,04-11-2020,0.188721,0.190191,0.186753,0.187946,3898920606.0
1090,05-11-2020,0.187948,0.195637,0.184902,0.194007,2343631579.0
1091,06-11-2020,0.193981,0.207397,0.193371,0.20418,4014775462.0
1092,07-11-2020,0.20418,0.208564,0.193231,0.19758,3300315274.0
1093,08-11-2020,0.19758,0.202836,0.19662,0.200528,1683334706.0
1094,09-11-2020,0.200527,0.20639,0.196924,0.197431,2080003680.0
1095,10-11-2020,0.197463,0.212294,0.197093,0.204538,2944162172.0
1096,11-11-2020,0.204536,0.211366,0.204535,0.206409,2470287565.0
1097,12-11-2020,0.206401,0.208367,0.204997,0.208113,1799416403.0
1098,13-11-2020,0.208106,0.21156,0.207334,0.210305,2177829746.0
1099,14-11-2020,0.210305,0.210305,0.202841,0.206694,2261060994.0
1100,15-11-2020,0.206694,0.209708,0.204163,0.206873,1873262886.0
1101,16-11-2020,0.206873,0.223988,0.205262,0.214756,3874463784.0
1102,17-11-2020,0.2164,0.221485,0.214734,0.218885,3476611424.0
1103,18-11-2020,0.218868,0.223266,0.212416,0.215966,3671927551.0
1104,19-11-2020,0.215972,0.219532,0.212982,0.215717,2988625701.0
1105,20-11-2020,0.215722,0.223151,0.215509,0.221327,4275956210.0
1106,21-11-2020,0.221327,0.263198,0.221327,0.260058,12061939015.0
1107,22-11-2020,0.260058,0.271463,0.23594,0.246872,9021263112.0
1108,23-11-2020,0.246872,0.270841,0.23953,0.270841,7540323578.0
1109,24-11-2020,0.270593,0.310997,0.264815,0.310908,19726664723.0
1110,25-11-2020,0.310629,0.314801,0.268711,0.274996,12873476548.0
1111,26-11-2020,0.275016,0.279919,0.219991,0.239946,12959286413.0
1112,27-11-2020,0.239979,0.247664,0.228974,0.242157,6826036578.0
1113,28-11-2020,0.242148,0.256621,0.24015,0.251833,4292310919.0
1114,29-11-2020,0.251829,0.261095,0.248361,0.254961,3425333174.0
1115,30-11-2020,0.254941,0.265046,0.252503,0.262768,5078119856.0
1116,01-12-2020,0.262803,0.263088,0.240745,0.245667,5905653208.0
1117,02-12-2020,0.24568,0.253348,0.242587,0.248565,4324426297.0
1118,03-12-2020,0.248625,0.258616,0.247545,0.253435,3542210200.0
1119,04-12-2020,0.253507,0.254209,0.242142,0.243396,3325526631.0
1120,05-12-2020,0.243324,0.251969,0.241183,0.250684,3201866879.0
1121,06-12-2020,0.250677,0.254028,0.246743,0.250074,3021241000.0
1122,07-12-2020,0.250059,0.251294,0.245041,0.246698,2725351929.0
1123,08-12-2020,0.246752,0.247991,0.231388,0.2344,3885551233.0
1124,09-12-2020,0.234366,0.234361,0.221844,0.233124,3376910800.0
1125,10-12-2020,0.233131,0.233256,0.225992,0.229096,2489833394.0
1126,11-12-2020,0.229107,0.22947,0.22199,0.227025,3075841454.0
1127,12-12-2020,0.227042,0.234781,0.226736,0.233241,2615213951.0
1128,13-12-2020,0.233277,0.241429,0.232522,0.240089,2762637513.0
1129,14-12-2020,0.240086,0.241514,0.235388,0.237955,2669044752.0
1130,15-12-2020,0.237927,0.239341,0.234104,0.235707,2729848248.0
1131,16-12-2020,0.235686,0.25187,0.235007,0.251459,3753153738.0
1132,17-12-2020,0.251449,0.302449,0.250817,0.274252,12701333305.0
1133,18-12-2020,0.274291,0.291833,0.266064,0.283992,7493160839.0
1134,19-12-2020,0.284013,0.295785,0.280461,0.289037,7246411372.0
1135,20-12-2020,0.288986,0.34425,0.28169,0.340359,37391864434.0
1136,21-12-2020,0.340517,0.399056,0.323047,0.353963,49104966691.0
1137,22-12-2020,0.353743,0.358046,0.322902,0.334126,17736443697.0
1138,23-12-2020,0.334126,0.349928,0.268785,0.278204,15143177962.0
1139,24-12-2020,0.278216,0.336697,0.27299,0.336195,10548649707.0
1140,25-12-2020,0.336156,0.33934,0.323263,0.337048,10064343252.0
1141,26-12-2020,0.336971,0.341299,0.325347,0.33055,11161005012.0
1142,27-12-2020,0.330534,0.354831,0.327045,0.335281,11392493354.0
1143,28-12-2020,0.335282,0.346887,0.332689,0.337702,7328150835.0
1144,29-12-2020,0.337729,0.338892,0.313764,0.329478,6673792517.0
1145,30-12-2020,0.329488,0.344291,0.326408,0.339271,6940903819.0
1146,31-12-2020,0.339271,0.346471,0.333219,0.342073,6246286219.0
1147,01-01-2021,0.341977,0.415527,0.33718,0.415527,16735312285.0
1148,02-01-2021,0.415633,1.001229,0.408137,0.775838,250090000000.0
1149,03-01-2021,0.774955,1.013537,0.687755,0.714098,197847000000.0
1150,04-01-2021,0.71512,0.832898,0.575174,0.713881,100308000000.0
1151,05-01-2021,0.713859,0.746872,0.655949,0.725858,50285324387.0
1152,06-01-2021,0.726046,0.793635,0.708694,0.765446,54850660394.0
1153,07-01-2021,0.764614,0.77044,0.673413,0.715538,38239008119.0
1154,08-01-2021,0.715609,0.754742,0.65969,0.722521,28945396889.0
1155,09-01-2021,0.72152,0.787689,0.714743,0.748031,35650334525.0
1156,10-01-2021,0.747957,0.797421,0.67338,0.723264,33640013561.0
1157,11-01-2021,0.723145,0.723145,0.497447,0.649504,46901793647.0
1158,12-01-2021,0.649185,0.67048,0.579475,0.589769,24380264379.0
1159,13-01-2021,0.589718,0.632637,0.569649,0.630459,17566594121.0
1160,14-01-2021,0.630626,0.733406,0.610702,0.686812,31309711503.0
1161,15-01-2021,0.68623,0.716052,0.619028,0.685452,29188945499.0
1162,16-01-2021,0.685278,0.697033,0.668701,0.677528,18913776548.0
1163,17-01-2021,0.677408,0.68499,0.646859,0.663181,18614827787.0
1164,18-01-2021,0.663408,0.681095,0.657988,0.671228,15005715235.0
1165,19-01-2021,0.671326,0.703701,0.660048,0.665918,18242628261.0
1166,20-01-2021,0.66576,0.66992,0.622062,0.660563,16054991407.0
1167,21-01-2021,0.660703,0.662688,0.588143,0.595775,15715986649.0
1168,22-01-2021,0.595651,0.64039,0.558425,0.62221,13540658955.0
1169,23-01-2021,0.621929,0.642978,0.612354,0.626271,11270650154.0
1170,24-01-2021,0.626214,0.653415,0.62165,0.637041,11839343833.0
1171,25-01-2021,0.637025,0.647529,0.603766,0.611707,13194598186.0
1172,26-01-2021,0.611639,0.617003,0.584914,0.601925,11752814258.0
1173,27-01-2021,0.601984,0.602277,0.5329,0.546444,14958253350.0
1174,28-01-2021,0.546379,2.492808,0.537225,2.486022,800254000000.0
1175,29-01-2021,3.189896,5.692129,2.358888,3.43842,1852090000000.0
1176,30-01-2021,3.412246,3.638171,1.639562,2.054217,636883000000.0
1177,31-01-2021,2.055281,3.301842,1.975905,2.711994,623312000000.0
1178,01-02-2021,2.701596,3.162142,2.439791,2.550038,462062000000.0
1179,02-02-2021,2.552645,2.549279,2.134716,2.298398,225382000000.0
1180,03-02-2021,2.296423,2.847433,2.268609,2.704501,229274000000.0
1181,04-02-2021,2.712202,4.220138,2.618941,3.889393,951803000000.0
1182,05-02-2021,3.871431,3.921549,3.176858,3.416299,446641000000.0
1183,06-02-2021,3.416031,4.24413,3.268455,4.192222,432807000000.0
1184,07-02-2021,4.185444,6.140783,3.947986,5.734924,1038130000000.0
1185,08-02-2021,5.70367,6.189522,4.716577,5.748727,936742000000.0
1186,09-02-2021,5.744898,6.056642,4.781989,5.104978,535406000000.0
1187,10-02-2021,5.107964,5.904424,4.989344,5.307402,494006000000.0
1188,11-02-2021,5.303616,5.41256,4.964961,5.066114,277646000000.0
1189,12-02-2021,5.064246,5.270867,4.472859,5.086341,304217000000.0
1190,13-02-2021,5.083152,5.200869,4.800817,4.823641,190047000000.0
1191,14-02-2021,4.823561,4.823561,4.117587,4.539874,289267000000.0
1192,15-02-2021,4.54215,4.642047,3.525178,4.110701,359185000000.0
1193,16-02-2021,4.103193,4.332817,3.716425,3.903513,248671000000.0
1194,17-02-2021,3.903659,4.008138,3.495144,3.594242,216645000000.0
1195,18-02-2021,3.593346,4.48599,3.566122,4.323034,330497000000.0
1196,19-02-2021,4.315245,4.319795,3.940175,4.000434,213972000000.0
1197,20-02-2021,3.999905,4.373808,3.745712,3.946707,230445000000.0
1198,21-02-2021,3.945564,4.239225,3.886576,4.062029,177799000000.0
1199,22-02-2021,4.066696,4.381796,3.415465,3.892825,243949000000.0
1200,23-02-2021,3.89089,3.89595,3.075204,3.430348,173308000000.0
1201,24-02-2021,3.431967,4.336059,3.345229,4.094377,300335000000.0
1202,25-02-2021,4.098662,4.183721,3.648,3.669811,172417000000.0
1203,26-02-2021,3.667672,3.881448,3.563302,3.715136,124696000000.0
1204,27-02-2021,3.71661,3.821093,3.628071,3.685921,94661862676.0
1205,28-02-2021,3.686976,3.689677,3.31828,3.541098,103768000000.0
1206,01-03-2021,3.542467,3.773099,3.518376,3.709454,109558000000.0
1207,02-03-2021,3.709267,3.846286,3.613502,3.683102,98652539121.0
1208,03-03-2021,3.684259,3.799934,3.669634,3.693224,79853110353.0
1209,04-03-2021,3.692867,3.730047,3.500362,3.660217,85611322195.0
1210,05-03-2021,3.658715,3.716099,3.521119,3.630395,85849508375.0
1211,06-03-2021,3.629827,3.834425,3.613864,3.731076,108343000000.0
1212,07-03-2021,3.730765,3.81584,3.700924,3.814438,69191528611.0
1213,08-03-2021,3.814495,4.542781,3.781419,4.542781,260628000000.0
1214,09-03-2021,4.554136,4.566136,4.091936,4.220882,179477000000.0
1215,10-03-2021,4.218415,4.268912,3.97714,4.071832,111567000000.0
1216,11-03-2021,4.069883,4.12049,3.959882,4.061831,89592046943.0
1217,12-03-2021,4.062054,4.144392,3.961865,4.023272,93606833437.0
1218,13-03-2021,4.023533,4.538134,3.980188,4.538134,135917000000.0
1219,14-03-2021,4.534616,4.583235,4.259066,4.259066,200053000000.0
1220,15-03-2021,4.254624,4.341126,3.995911,4.139745,126084000000.0
1221,16-03-2021,4.139606,4.27289,4.026845,4.249959,101070000000.0
1222,17-03-2021,4.250114,4.268731,4.098416,4.18389,62550057823.0
1223,18-03-2021,4.18293,4.256563,3.933944,4.17002,66113752521.0
1224,19-03-2021,4.169613,4.330008,4.113457,4.225426,69888309022.0
1225,20-03-2021,4.224436,4.39284,4.210355,4.271229,73379050804.0
1226,21-03-2021,4.271934,4.311836,4.114535,4.144476,55004028581.0
1227,22-03-2021,4.146244,4.175365,3.974364,3.978162,50443488403.0
1228,23-03-2021,3.976698,4.060003,3.828595,3.888802,75573714711.0
1229,24-03-2021,3.886785,4.102115,3.722771,3.755918,67890307219.0
1230,25-03-2021,3.755685,3.804295,3.612754,3.735831,78728091631.0
1231,26-03-2021,3.73474,3.914222,3.727351,3.908651,56239465066.0
1232,27-03-2021,3.907835,4.016089,3.877948,3.939478,54614037129.0
1233,28-03-2021,3.93975,3.96664,3.842898,3.890313,33360090983.0
1234,29-03-2021,3.88884,3.972098,3.857931,3.931832,39129391526.0
1235,30-03-2021,3.931838,4.069004,3.908085,3.958744,53534912448.0
1236,31-03-2021,3.958888,4.000052,3.841083,3.927914,47830541107.0
1237,01-04-2021,3.927721,5.148117,3.926965,4.542806,426244000000.0
1238,02-04-2021,4.541466,4.562042,4.206897,4.231146,159001000000.0
1239,03-04-2021,4.230757,4.364677,4.094653,4.094653,83423649137.0
1240,04-04-2021,4.092623,4.263641,4.057302,4.212069,68829505310.0
1241,05-04-2021,4.212598,4.408033,4.143133,4.374503,110933000000.0
1242,06-04-2021,4.374025,4.779321,4.258713,4.736458,191684000000.0
1243,07-04-2021,4.736178,4.946284,4.284177,4.391816,212570000000.0
1244,08-04-2021,4.392347,4.589478,4.376106,4.581807,78663898007.0
1245,09-04-2021,4.58171,4.779994,4.510558,4.609608,79248291245.0
1246,10-04-2021,4.602694,4.862538,4.544943,4.771112,102364000000.0
1247,11-04-2021,4.763969,5.921808,4.723117,5.578495,496701000000.0
1248,12-04-2021,5.570686,5.603791,5.171359,5.306897,201556000000.0
1249,13-04-2021,5.300213,7.15545,5.300213,7.025336,539566000000.0
1250,14-04-2021,7.086303,10.710744,6.950139,9.117004,1573880000000.0
1251,15-04-2021,9.090719,13.997205,9.058379,13.615935,1338870000000.0
1252,16-04-2021,13.569594,32.604481,13.487467,27.280514,5175500000000.0
1253,17-04-2021,27.297527,27.920614,17.630594,21.186237,2341990000000.0
1254,18-04-2021,21.255684,26.083038,18.373083,23.895748,1749580000000.0
1255,19-04-2021,23.895069,32.328896,23.038942,30.499327,2294380000000.0
1256,20-04-2021,30.582966,31.563021,20.492844,24.106075,2122440000000.0
1257,21-04-2021,23.913918,26.213076,22.414724,23.151365,959733000000.0
1258,22-04-2021,23.0809,23.289553,19.243521,19.596518,892078000000.0
1259,23-04-2021,19.60067,20.153051,12.293149,18.605471,1210290000000.0
1260,24-04-2021,18.682949,21.666416,17.211569,20.230602,827873000000.0
1261,25-04-2021,20.198944,21.620081,16.952681,18.800257,512842000000.0
1262,26-04-2021,18.809935,20.988417,18.569317,20.250553,382970000000.0
1263,27-04-2021,20.306822,20.861204,19.810938,20.29851,267771000000.0
1264,28-04-2021,20.304798,25.627539,19.063595,24.053448,1074880000000.0
1265,29-04-2021,24.020063,24.032019,22.00222,22.614897,372557000000.0
1266,30-04-2021,22.580284,25.174433,22.45278,25.011761,391994000000.0
1267,01-05-2021,25.011581,29.425953,24.324829,29.118603,750094000000.0
1268,02-05-2021,28.977802,29.640333,27.035498,27.863157,595754000000.0
1269,03-05-2021,27.684244,32.899616,27.684244,32.614586,777263000000.0
1270,04-05-2021,32.508793,44.72654,29.60593,39.93919,2821180000000.0
1271,05-05-2021,39.645603,51.381962,38.635235,48.532417,3138290000000.0
1272,06-05-2021,48.178886,48.974739,40.116573,42.756138,1397950000000.0
1273,07-05-2021,42.778652,53.646561,38.294704,50.187649,2097210000000.0
1274,08-05-2021,50.409313,54.056625,44.57626,46.648445,1873090000000.0
1275,09-05-2021,46.603085,51.133114,31.202524,41.780777,3381480000000.0
1276,10-05-2021,41.752678,41.752678,30.948483,33.072441,1213820000000.0
1277,11-05-2021,33.110958,40.095493,32.710129,36.337738,1068860000000.0
1278,12-05-2021,36.228504,38.192429,28.395218,28.395218,635236000000.0
1279,13-05-2021,28.896252,38.151993,26.317286,36.015686,1370720000000.0
1280,14-05-2021,35.773029,43.211235,34.124741,41.007305,1499740000000.0
1281,15-05-2021,41.011997,41.232376,36.00198,37.223736,720839000000.0
1282,16-05-2021,37.219177,40.167599,33.051605,37.731087,699197000000.0
1283,17-05-2021,37.622475,37.698681,33.600449,35.747795,537130000000.0
1284,18-05-2021,35.679058,37.639439,34.36277,34.817551,351229000000.0
1285,19-05-2021,34.840977,50.155567,15.980308,24.392416,1103670000000.0
1286,20-05-2021,24.182173,31.657465,21.692675,29.223003,906605000000.0
1287,21-05-2021,29.07185,30.083351,22.951614,26.204475,543428000000.0
1288,22-05-2021,26.15597,26.287241,23.199408,24.964134,382312000000.0
1289,23-05-2021,24.975113,25.583303,18.187815,22.461445,520836000000.0
1290,24-05-2021,22.362631,27.056431,21.594261,26.670103,496827000000.0
1291,25-05-2021,26.661293,27.678822,23.540731,25.212566,403672000000.0
1292,26-05-2021,25.219425,26.595024,24.643042,25.70385,243875000000.0
1293,27-05-2021,25.687122,25.687122,23.87921,24.199747,180688000000.0
1294,28-05-2021,24.251034,25.226257,21.865692,22.529272,238136000000.0
1295,29-05-2021,22.543261,23.015297,20.400005,21.943233,178864000000.0
1296,30-05-2021,21.933079,22.465527,20.826231,21.879101,139716000000.0
1297,31-05-2021,21.859192,23.859911,21.309504,23.61717,176930000000.0
1298,01-06-2021,23.612383,27.909252,22.762646,26.962021,422271000000.0
1299,02-06-2021,26.978441,32.505089,25.68804,30.88995,833628000000.0
1300,03-06-2021,30.916636,32.2071,27.667191,29.214991,497424000000.0
1301,04-06-2021,29.289427,29.289427,25.655252,27.43762,429438000000.0
1302,05-06-2021,27.468943,28.718155,26.283134,27.135399,252563000000.0
1303,06-06-2021,27.098871,27.472301,26.776428,27.108435,133907000000.0
1304,07-06-2021,27.090883,27.682293,24.013071,24.103628,221631000000.0
1305,08-06-2021,24.159824,24.860565,21.635897,23.913103,285954000000.0
1306,09-06-2021,23.820929,25.821356,22.835583,25.058193,230221000000.0
1307,10-06-2021,25.058805,25.145603,23.603783,23.827698,154349000000.0
1308,11-06-2021,23.828669,24.398996,22.819155,23.387247,134340000000.0
1309,12-06-2021,23.353132,23.385241,22.10162,22.854445,117583000000.0
1310,13-06-2021,22.883812,24.168381,22.547493,23.755077,108738000000.0
1311,14-06-2021,23.719999,24.660002,23.446819,24.302313,118100000000.0
1312,15-06-2021,23.914484,24.185972,23.254166,24.085665,123807000000.0
1313,16-06-2021,23.498638,23.572327,22.398375,22.72027,102743000000.0
1314,17-06-2021,22.719379,23.130491,22.523264,22.75857,83221546069.0
1315,18-06-2021,22.753538,22.851858,20.782675,21.759233,136886000000.0
1316,19-06-2021,21.772324,22.080347,21.219221,21.305737,74384939141.0
1317,20-06-2021,21.234455,21.481518,19.015486,20.82711,145582000000.0
1318,21-06-2021,20.809275,20.826296,12.342832,13.24735,418141000000.0
1319,22-06-2021,13.246691,16.025202,12.241147,14.199776,445463000000.0
1320,23-06-2021,14.173074,18.31595,13.452643,17.238218,378562000000.0
1321,24-06-2021,17.445831,19.934053,16.50783,19.495962,285237000000.0
1322,25-06-2021,19.547745,21.443235,17.069567,17.741285,411139000000.0
1323,26-06-2021,17.631519,18.926279,17.134399,18.159012,196547000000.0
1324,27-06-2021,18.2526,19.808805,17.879295,19.627584,160875000000.0
1325,28-06-2021,19.662365,19.815542,18.604605,19.080767,143594000000.0
1326,29-06-2021,19.095913,20.42741,18.785763,19.520531,162881000000.0
1327,30-06-2021,19.568708,19.577654,17.710699,18.906366,152295000000.0
1328,01-07-2021,18.877558,19.36488,17.750633,18.232998,183706000000.0
1329,02-07-2021,18.190701,18.479397,17.86693,18.267752,98425860411.0
1330,03-07-2021,18.255964,18.636438,18.0585,18.353416,68302043388.0
1331,04-07-2021,18.354445,18.811909,18.131018,18.358559,72509129711.0
1332,05-07-2021,18.353798,18.353798,16.931236,17.213131,94231511419.0
1333,06-07-2021,17.183533,17.964825,17.187307,17.525192,94639228434.0
1334,07-07-2021,17.516165,17.760702,16.653589,16.769623,85963448657.0
1335,08-07-2021,16.788847,16.829752,15.167528,15.511995,133725000000.0
1336,09-07-2021,15.472839,17.104626,14.692429,16.377844,226883000000.0
1337,10-07-2021,16.376448,16.960093,15.698547,15.935029,94194849544.0
1338,11-07-2021,15.932588,16.294458,15.712408,16.080568,53628047292.0
1339,12-07-2021,16.092075,16.304359,15.239575,15.508278,72574244392.0
1340,13-07-2021,15.505413,15.509378,14.790791,14.93212,77338915709.0
1341,14-07-2021,14.93025,15.229211,14.007431,14.694581,98237822597.0
1342,15-07-2021,14.726271,14.966327,13.477805,13.781479,77860957866.0
1343,16-07-2021,13.807574,14.036858,12.807777,12.862472,85433503340.0
1344,17-07-2021,12.845487,15.294686,12.62998,13.890664,178601000000.0
1345,18-07-2021,13.944119,14.611839,13.493458,13.593952,106261000000.0
1346,19-07-2021,13.562969,13.728584,12.793245,13.015555,81354261175.0
1347,20-07-2021,13.031076,13.342216,11.995378,12.72929,134855000000.0
1348,21-07-2021,12.708897,15.952758,12.581417,14.169647,330046000000.0
1349,22-07-2021,14.179382,14.620459,13.90369,14.243155,121318000000.0
1350,23-07-2021,14.247321,14.850395,13.665182,14.500023,107747000000.0
1351,24-07-2021,14.504392,15.213963,14.245375,14.689127,126246000000.0
1352,25-07-2021,14.678211,14.922265,14.270589,14.730785,93516847043.0
1353,26-07-2021,14.743135,17.332859,14.671171,15.186235,361288000000.0
1354,27-07-2021,15.142907,15.582747,14.520968,15.339993,166134000000.0
1355,28-07-2021,15.355795,15.899537,15.05077,15.279133,154487000000.0
1356,29-07-2021,15.293957,15.321212,14.903816,15.193404,86824849870.0
1357,30-07-2021,15.2234,15.649207,14.626242,15.531923,113353000000.0
1358,31-07-2021,15.518362,15.942817,15.240069,15.494258,100354000000.0
1359,01-08-2021,15.452559,16.185789,14.97818,15.205907,127300000000.0
1360,02-08-2021,15.194152,15.613916,15.032882,15.134011,87821216455.0
1361,03-08-2021,15.121439,15.246989,14.378856,14.543589,83241447762.0
1362,04-08-2021,14.569215,15.069583,14.431622,14.948543,81260304427.0
1363,05-08-2021,14.954829,15.028709,14.433471,14.886737,84384137149.0
1364,06-08-2021,14.88567,15.715128,14.719039,15.196453,98933420152.0
1365,07-08-2021,15.208181,19.442444,15.128454,19.32007,470722000000.0
1366,08-08-2021,19.43988,20.881275,17.529047,17.881346,520308000000.0
1367,09-08-2021,17.887074,19.829624,17.238209,19.130199,343134000000.0
1368,10-08-2021,19.090693,19.560949,18.263569,19.154169,254899000000.0
1369,11-08-2021,19.161524,20.938049,19.084023,19.65609,350648000000.0
1370,12-08-2021,19.625717,21.822386,18.780775,19.598873,390970000000.0
1371,13-08-2021,19.623222,21.314198,19.449368,21.28603,264590000000.0
1372,14-08-2021,21.285545,22.150482,20.569534,21.75395,347156000000.0
1373,15-08-2021,21.826193,25.881124,21.304964,25.340754,597163000000.0
1374,16-08-2021,25.246071,26.028427,23.052841,23.778379,495365000000.0
1375,17-08-2021,23.698025,25.198271,21.994549,22.26792,423857000000.0
1376,18-08-2021,22.250175,24.088205,20.972124,22.558697,471466000000.0
1377,19-08-2021,22.531748,23.736296,21.866003,23.604862,279892000000.0
1378,20-08-2021,23.636658,24.778177,23.379238,24.333132,260969000000.0
1379,21-08-2021,24.326023,24.48847,23.453232,23.538891,193216000000.0
1380,22-08-2021,23.560266,23.891361,22.777208,23.402296,166275000000.0
1381,23-08-2021,23.399584,24.360971,23.228386,23.559383,210212000000.0
1382,24-08-2021,23.59433,23.69595,20.597605,21.40856,233095000000.0
1383,25-08-2021,21.444092,22.044621,20.786238,21.654659,186645000000.0
1384,26-08-2021,21.696789,21.93379,19.6735,19.941317,178738000000.0
1385,27-08-2021,19.934666,21.670139,19.680582,21.639854,175080000000.0
1386,28-08-2021,21.654455,21.988047,20.81963,20.992817,112803000000.0
1387,29-08-2021,21.010002,21.436316,20.3943,20.661835,108307000000.0
1388,30-08-2021,20.669748,21.262323,19.848606,19.977053,128396000000.0
1389,31-08-2021,19.958975,20.854719,19.827085,20.326241,127450000000.0
1390,01-09-2021,20.297668,21.522602,19.968901,21.48695,141432000000.0
1391,02-09-2021,21.486347,22.568649,21.312477,21.62089,217781000000.0
1392,03-09-2021,21.533094,22.227539,21.079275,21.626369,174023000000.0
1393,04-09-2021,21.611383,22.535688,21.412394,21.853714,165201000000.0
1394,05-09-2021,21.849083,22.99399,21.648911,22.958853,174679000000.0
1395,06-09-2021,22.943331,23.369019,21.958073,22.573908,190953000000.0
1396,07-09-2021,22.587469,22.736183,15.90248,18.622402,414901000000.0
1397,08-09-2021,18.660715,19.425453,17.291443,18.978083,238144000000.0
1398,09-09-2021,18.479746,19.158558,18.351746,18.573835,129650000000.0
1399,10-09-2021,18.573027,19.230358,17.34544,17.644909,135348000000.0
1400,11-09-2021,17.633493,18.235785,17.534985,17.751549,87962044552.0
1401,12-09-2021,17.743979,18.7339,17.589842,18.426466,104353000000.0
1402,13-09-2021,18.427002,18.530479,16.847061,17.348991,129369000000.0
1403,14-09-2021,17.360525,17.794964,17.206001,17.726753,71283520422.0
1404,15-09-2021,17.718014,18.246761,17.61842,18.200809,72024421537.0
1405,16-09-2021,18.189413,18.203487,17.20656,17.843576,83867838584.0
1406,17-09-2021,17.809973,19.060385,17.542208,17.682535,165584000000.0
1407,18-09-2021,17.682377,18.227793,17.557077,17.78986,73636217726.0
1408,19-09-2021,17.782104,17.782429,17.048817,17.181734,65793440313.0
1409,20-09-2021,17.1831,17.215958,14.741437,15.252687,165292000000.0
1410,21-09-2021,15.378027,16.068335,14.623333,14.83488,130394000000.0
1411,22-09-2021,14.819763,16.947687,14.769823,16.611448,148967000000.0
1412,23-09-2021,16.603327,16.740423,16.079021,16.601652,86362063050.0
1413,24-09-2021,16.593822,16.855299,14.588257,15.46023,139002000000.0
1414,25-09-2021,15.452651,15.692975,15.122443,15.400381,78768341470.0
1415,26-09-2021,15.406994,15.431976,14.355828,15.128866,84687400079.0
1416,27-09-2021,15.149457,15.426801,14.770835,14.784425,61887751878.0
1417,28-09-2021,14.765159,15.00978,14.562138,14.595647,64247970158.0
1418,29-09-2021,14.608764,15.152468,14.464981,14.780953,68877471664.0
1419,30-09-2021,14.780416,15.276755,14.705069,15.16605,68078132781.0
1420,01-10-2021,15.179654,16.65464,14.988279,16.536707,106443000000.0
1421,02-10-2021,16.516783,16.680902,15.979318,16.24922,86465896649.0
1422,03-10-2021,16.225344,16.775347,16.00741,16.44315,79362892476.0
1423,04-10-2021,16.456602,18.488415,15.82464,17.961069,274731000000.0
1424,05-10-2021,17.989977,19.951418,17.389717,18.791149,345104000000.0
1425,06-10-2021,18.790558,20.281366,18.168131,19.075756,348397000000.0
1426,07-10-2021,19.016439,19.188183,17.882893,18.17803,219711000000.0
1427,08-10-2021,18.185488,19.093653,18.113304,18.363464,147006000000.0
1428,09-10-2021,18.33666,18.930553,18.20573,18.527088,111570000000.0
1429,10-10-2021,18.52532,18.682453,17.15906,17.305708,110403000000.0
1430,11-10-2021,17.278967,18.028837,16.995758,17.456022,110360000000.0
1431,12-10-2021,17.457617,17.4722,16.349489,17.077688,141993000000.0
1432,13-10-2021,17.07262,17.617443,16.661371,17.514194,109758000000.0
1433,14-10-2021,17.513365,18.064573,17.359776,17.41934,100277000000.0
1434,15-10-2021,17.447178,18.265553,16.922853,17.519194,137722000000.0
1435,16-10-2021,17.526615,18.318451,17.511818,17.78224,115544000000.0
1436,17-10-2021,17.774794,18.152775,16.964542,17.843786,104794000000.0
1437,18-10-2021,17.836903,20.446442,17.862629,18.604366,376432000000.0
1438,19-10-2021,18.611704,19.100271,18.071884,18.463696,125899000000.0
1439,20-10-2021,18.442221,19.567236,18.205744,19.008047,138623000000.0
1440,21-10-2021,19.060415,19.326296,18.13241,18.14703,130461000000.0
1441,22-10-2021,18.153618,18.949871,17.723295,18.315065,137229000000.0
1442,23-10-2021,18.337072,18.983965,18.117712,18.87981,112701000000.0
1443,24-10-2021,18.857243,21.143438,18.44998,20.77693,395875000000.0
1444,25-10-2021,20.679224,20.958717,19.524288,19.876938,252646000000.0
1445,26-10-2021,19.882631,20.583549,19.000969,19.151552,188225000000.0
1446,27-10-2021,19.159386,19.736912,16.518816,17.835743,376902000000.0
1447,28-10-2021,17.812557,25.341669,17.506128,22.47266,1522850000000.0
1448,29-10-2021,22.436581,22.911274,20.942015,21.568382,439581000000.0
1449,30-10-2021,21.561714,22.077473,19.473009,20.106699,272540000000.0
1450,31-10-2021,20.173651,21.33246,18.928013,20.998062,316502000000.0
1451,01-11-2021,20.988939,21.395987,19.808949,20.333431,208399000000.0
1452,02-11-2021,20.345715,20.982805,20.035147,20.405588,174559000000.0
1453,03-11-2021,20.43421,20.651297,19.666151,20.053495,155674000000.0
1454,04-11-2021,20.031536,20.162031,18.97274,19.608681,141729000000.0
1455,05-11-2021,19.636572,20.128674,19.143415,19.398415,115731000000.0
1456,06-11-2021,19.383469,19.860762,18.586452,19.430523,100420000000.0
1457,07-11-2021,19.435925,20.020384,19.213057,19.758568,85757237860.0
1458,08-11-2021,19.789223,21.944967,19.654947,20.871593,302578000000.0
1459,09-11-2021,20.884941,21.394993,20.125229,20.288815,174567000000.0
1460,10-11-2021,20.294075,20.573662,17.708668,19.026031,209861000000.0
1461,11-11-2021,19.025759,20.062191,18.845627,19.410679,121056000000.0
1462,12-11-2021,19.393612,19.962967,18.559294,19.286747,116205000000.0
1463,13-11-2021,19.301893,19.500244,18.923801,19.45969,68693861199.0
1464,14-11-2021,19.451101,20.169853,19.353268,19.547085,94017933023.0
1465,15-11-2021,19.544001,19.714653,19.072147,19.093641,76549742125.0
1466,16-11-2021,19.135717,19.135717,16.83696,17.665312,167443000000.0
1467,17-11-2021,17.64747,17.893034,17.297182,17.635773,114613000000.0
1468,18-11-2021,17.640879,17.90345,16.03849,16.42127,138016000000.0
1469,19-11-2021,16.392504,17.598406,16.072226,17.322598,96316039787.0
1470,20-11-2021,17.32736,17.533882,16.753433,17.316208,59842948072.0
1471,21-11-2021,17.333366,17.340418,16.772585,16.820772,55873214697.0
1472,22-11-2021,16.808289,16.91007,16.14784,16.350471,68606175509.0
1473,23-11-2021,16.349752,17.580101,15.96502,16.863228,141992000000.0
1474,24-11-2021,16.875671,17.141115,15.765288,16.553713,146091000000.0
1475,25-11-2021,16.203487,17.049103,15.993418,16.117826,100199000000.0
1476,26-11-2021,16.469587,16.52261,14.25655,15.077189,167498000000.0
1477,27-11-2021,15.117815,15.732065,15.075962,15.411898,68882566345.0
1478,28-11-2021,15.408029,15.570888,14.49004,15.570888,77118491797.0
1479,29-11-2021,15.568732,16.793114,15.262682,16.150009,140333000000.0
1480,30-11-2021,16.145206,16.988033,16.020521,16.114573,142420000000.0
1481,01-12-2021,16.097481,16.393732,15.478856,15.715326,74120259735.0
1482,02-12-2021,15.714522,16.726768,15.160456,15.725526,140913000000.0
1483,03-12-2021,15.705751,15.930995,14.545555,15.063121,94972564339.0
1484,04-12-2021,15.090469,15.106006,10.004246,13.454682,330137000000.0
1485,05-12-2021,13.410254,13.6262,12.25824,12.886361,123806000000.0
1486,06-12-2021,12.89599,13.609943,12.030363,13.449887,143016000000.0
1487,07-12-2021,13.447925,13.837326,13.235298,13.332697,81825165659.0
1488,08-12-2021,13.317852,13.757156,13.033192,13.505027,76492669372.0
1489,09-12-2021,13.490731,13.711678,12.812862,12.812862,80969645095.0
1490,10-12-2021,12.811489,13.203735,12.434903,12.461948,64078839969.0
1491,11-12-2021,12.467774,12.878062,12.264506,12.797678,52466867970.0
1492,12-12-2021,12.788954,13.091516,12.561453,12.865724,44917578539.0
1493,13-12-2021,12.864883,12.918558,11.524329,11.947697,73435864516.0
1494,14-12-2021,11.940089,16.666193,11.800934,13.700489,487576000000.0
1495,15-12-2021,14.53598,14.53598,13.081201,13.800572,187948000000.0
1496,16-12-2021,13.807366,14.070503,13.150715,13.211637,80584644070.0
1497,17-12-2021,13.20603,13.456851,12.339154,12.85362,78084547895.0
1498,18-12-2021,12.860492,13.292773,12.643251,13.111277,50117426835.0
1499,19-12-2021,13.121365,13.261739,12.876968,12.891731,41129977265.0
1500,20-12-2021,12.887701,12.992327,12.2426,12.676134,69109829589.0
1501,21-12-2021,12.659179,13.023825,12.584226,12.955685,47031470213.0
1502,22-12-2021,12.952216,13.566425,12.870914,13.071518,70373708785.0
1503,23-12-2021,13.071154,13.845136,12.960299,13.849251,88916197182.0
1504,24-12-2021,13.885956,14.662139,13.504982,14.018171,139220000000.0
1505,25-12-2021,14.024929,14.638175,13.939273,14.321308,75899885079.0
1506,26-12-2021,14.314554,14.517034,13.944912,14.326541,49057569544.0
1507,27-12-2021,14.323977,14.461407,14.021512,14.074255,49995032674.0
1508,28-12-2021,14.08486,14.087755,12.89836,13.013302,71306485835.0
1509,29-12-2021,13.01165,13.255307,12.43536,12.510356,61418428718.0
1510,30-12-2021,12.538106,13.075764,12.332574,12.751444,44603260327.0
1511,31-12-2021,12.751687,12.997614,12.465655,12.704702,48019386583.0
1512,01-01-2022,12.705768,12.9228,12.694064,12.893913,27670498575.0
1513,02-01-2022,12.893277,13.113983,12.757254,12.994863,29136745566.0
1514,03-01-2022,12.995087,12.995087,12.521124,12.655166,37640789933.0
1515,04-01-2022,12.659862,12.851819,12.537298,12.581721,40392309478.0
1516,05-01-2022,12.584116,12.697147,11.305588,11.86585,73991132635.0
1517,06-01-2022,11.867022,12.033778,11.539895,11.922816,53234919833.0
1518,07-01-2022,11.922175,11.928907,11.247514,11.507495,71958188650.0
1519,08-01-2022,11.508056,11.708069,10.962204,11.280299,43385771053.0
1520,09-01-2022,11.280714,11.413067,11.106074,11.217451,30354771645.0
1521,10-01-2022,11.218039,11.275995,10.362634,10.616701,56555866981.0
1522,11-01-2022,10.616061,12.166648,10.563937,11.323267,120205000000.0
1523,12-01-2022,11.327597,11.929783,11.250795,11.929783,66124852297.0
1524,13-01-2022,11.923161,12.922875,11.923161,12.726422,170271000000.0
1525,14-01-2022,12.727147,15.067106,12.670195,13.611275,428920000000.0
1526,15-01-2022,13.618344,14.356616,13.546547,13.726509,139286000000.0
1527,16-01-2022,13.725785,13.725785,13.001579,13.160747,81913192492.0
1528,17-01-2022,13.161614,13.212496,12.397873,12.708515,81263857463.0
1529,18-01-2022,12.704139,12.904893,12.126173,12.348492,73104661308.0
1530,19-01-2022,12.348485,12.596656,11.946266,12.087601,69612556274.0
1531,20-01-2022,12.086921,12.560401,11.551761,11.553796,34933719597.0
1532,21-01-2022,11.558227,11.699081,10.530182,10.615348,86555586550.0
1533,22-01-2022,10.616146,10.792991,9.140052,9.889896,126033000000.0
1534,23-01-2022,9.894938,10.647471,9.884463,10.557158,74881829206.0
1535,24-01-2022,10.558485,10.56365,9.493195,10.285933,108002000000.0
1536,25-01-2022,10.284862,11.006003,9.956304,10.69521,100753000000.0
1537,26-01-2022,10.692625,11.422187,10.666083,10.788775,94023270735.0
1538,27-01-2022,10.786297,10.89871,10.297021,10.623148,45780620610.0
1539,28-01-2022,10.622903,10.710797,10.389722,10.62444,38000845296.0
1540,29-01-2022,10.623931,10.79901,10.611197,10.729398,29821424495.0
1541,30-01-2022,10.729514,10.770305,10.413022,10.46682,27315172818.0
1542,31-01-2022,10.466694,10.609062,10.26099,10.572432,30739997579.0
1543,01-02-2022,10.57241,10.775556,10.524299,10.661069,30603324319.0
1544,02-02-2022,10.660655,10.868896,10.24157,10.268263,36153858440.0
1545,03-02-2022,10.266612,10.377088,10.152349,10.266615,28626560198.0
1546,04-02-2022,10.265299,11.017173,10.244951,11.010563,43350195188.0
1547,05-02-2022,11.012794,11.207392,10.854361,10.983514,43818111325.0
1548,06-02-2022,10.98347,11.553352,10.842971,11.477766,56504456856.0
1549,07-02-2022,11.480202,12.802732,11.32631,12.361833,133740000000.0
1550,08-02-2022,12.363905,12.634407,11.484502,11.832192,88896488180.0
1551,09-02-2022,11.828567,12.027089,11.581905,11.903826,58251709098.0
1552,10-02-2022,11.905513,12.004285,11.405071,11.473498,79589835047.0
1553,11-02-2022,11.473976,11.597639,10.843341,10.956686,58754307034.0
1554,12-02-2022,10.957393,11.120491,10.6752,10.923217,45590051567.0
1555,13-02-2022,10.921247,11.902736,10.894974,11.239576,119307000000.0
1556,14-02-2022,11.233655,11.328916,10.865813,11.050297,67968945691.0
1557,15-02-2022,11.049774,11.445446,10.981014,11.408453,50739454259.0
1558,16-02-2022,11.40983,11.413186,11.025933,11.17633,37899386381.0
1559,17-02-2022,11.172886,11.240144,10.370984,10.402089,54159278031.0
1560,18-02-2022,10.405208,10.623955,10.228209,10.36381,42108355913.0
1561,19-02-2022,10.363518,10.896868,10.362552,10.545857,48976733917.0
1562,20-02-2022,10.545188,10.545188,10.146031,10.22201,36606110613.0
1563,21-02-2022,10.219766,10.521884,9.597869,9.61615,68386323746.0
1564,22-02-2022,9.615993,9.828044,9.384228,9.817316,53131614229.0
1565,23-02-2022,9.817922,10.092598,9.544357,9.544357,43857789827.0
1566,24-02-2022,9.542503,9.544709,8.248314,9.336537,154322000000.0
1567,25-02-2022,9.338792,9.620698,9.120715,9.575237,60431686413.0
1568,26-02-2022,9.574704,9.762543,9.471936,9.583143,40208609454.0
1569,27-02-2022,9.582528,9.624754,9.160728,9.24172,44500941643.0
1570,28-02-2022,9.242196,10.124857,9.153282,10.024691,57649972269.0
1571,01-03-2022,10.025987,10.421042,9.866536,10.152695,66447892182.0
1572,02-03-2022,10.154684,10.315034,9.950755,10.051987,53630018970.0
1573,03-03-2022,10.052597,10.136163,9.709486,9.835734,39324165801.0
1574,04-03-2022,9.837304,9.854351,9.28863,9.367527,49719179870.0
1575,05-03-2022,9.369269,9.580218,9.289644,9.55126,25528870978.0
1576,06-03-2022,9.553488,9.598313,9.199931,9.229096,30603681371.0
1577,07-03-2022,9.229373,9.397832,8.870438,9.026554,39543717567.0
1578,08-03-2022,9.026681,9.203176,8.929177,9.001278,37797003603.0
1579,09-03-2022,9.002641,9.47812,8.981051,9.257112,39526138821.0
1580,10-03-2022,9.255876,9.258959,8.821015,8.919569,39196250475.0
1581,11-03-2022,8.920193,9.02768,8.791351,8.873534,29838400998.0
1582,12-03-2022,8.873963,8.999143,8.837435,8.837725,18059674354.0
1583,13-03-2022,8.833471,8.921809,8.49571,8.566486,28662640842.0
1584,14-03-2022,8.566401,9.117088,8.505795,8.723555,62882116879.0
1585,15-03-2022,8.723182,8.736203,8.488896,8.604666,30564271220.0
1586,16-03-2022,8.604318,8.887896,8.573496,8.887896,40838121784.0
1587,17-03-2022,8.887756,9.018545,8.837064,8.852032,31368260104.0
1588,18-03-2022,8.851135,9.066116,8.72501,9.060872,31203633993.0
1589,19-03-2022,9.058729,9.460871,9.001978,9.384622,47700712620.0
1590,20-03-2022,9.385402,9.411252,8.961047,9.052564,32525257963.0
1591,21-03-2022,9.05194,9.247086,9.002774,9.106477,33536054449.0
1592,22-03-2022,9.105961,9.532359,9.079716,9.321083,46460900700.0
1593,23-03-2022,9.321488,9.999539,9.238547,9.930844,76469280848.0
1594,24-03-2022,9.930443,10.739744,9.833593,10.422004,154016000000.0
1595,25-03-2022,10.426035,10.469534,9.821483,9.993502,67314869328.0
1596,26-03-2022,9.993294,10.411543,9.906936,10.363656,46560029996.0
1597,27-03-2022,10.366168,11.049599,10.351078,11.039941,110224000000.0
1598,28-03-2022,11.039457,11.617879,10.831566,10.846824,112293000000.0
1599,29-03-2022,10.8392,11.252318,10.684524,10.931573,72721579503.0
1600,30-03-2022,10.930577,11.01131,10.585501,10.859339,67055135717.0
1601,31-03-2022,10.857348,11.143519,10.412686,10.462301,80094866531.0
1602,01-04-2022,10.469559,10.815354,10.111233,10.733417,66651563906.0
1603,02-04-2022,10.733005,10.948566,10.548715,10.551074,51832046850.0
1604,03-04-2022,10.550322,11.283627,10.412439,11.129713,79597139959.0
1605,04-04-2022,11.126696,11.728169,10.722928,11.213658,170065000000.0
1606,05-04-2022,11.215404,13.418162,11.150011,13.045961,394630000000.0
1607,06-04-2022,13.014141,13.090494,10.882273,10.891826,283204000000.0
1608,07-04-2022,10.89303,11.244702,10.731982,11.091113,107857000000.0
1609,08-04-2022,11.091385,11.575049,10.750562,10.821935,127830000000.0
1610,09-04-2022,10.821558,10.967229,10.735986,10.95516,39780573296.0
1611,10-04-2022,10.955212,11.916913,10.92174,11.352344,146660000000.0
1612,11-04-2022,11.340146,11.473203,10.148719,10.211975,114947000000.0
1613,12-04-2022,10.211808,10.961327,10.180845,10.514504,92454086973.0
1614,13-04-2022,10.514018,10.855975,10.442372,10.663194,67804007000.0
1615,14-04-2022,10.661096,11.160744,10.515648,10.982408,134233000000.0
1616,15-04-2022,10.982187,11.390749,10.894464,11.146417,87047189333.0
1617,16-04-2022,11.14568,11.282648,10.846179,10.96978,44579118400.0
1618,17-04-2022,10.968344,11.045851,10.609699,10.645135,48580691049.0
1619,18-04-2022,10.646051,10.720496,10.261403,10.701053,69393732581.0
1620,19-04-2022,10.701896,11.020916,10.642774,10.906113,51945707474.0
1621,20-04-2022,10.907066,11.172564,10.646379,10.745701,81504616756.0
1622,21-04-2022,10.744916,10.850001,10.317927,10.403563,56497913726.0
1623,22-04-2022,10.402932,10.51632,10.330973,10.429265,38633381016.0
1624,23-04-2022,10.428638,10.436888,10.231594,10.26471,26742769436.0
1625,24-04-2022,10.261703,10.299062,10.055274,10.089157,33385616395.0
1626,25-04-2022,10.088312,12.838437,9.496579,12.088254,396248000000.0
1627,26-04-2022,12.074387,12.658146,10.553404,10.579728,347802000000.0
1628,27-04-2022,10.585899,11.13615,10.464641,10.682988,135000000000.0
1629,28-04-2022,10.682323,10.906142,10.42906,10.520499,84641644959.0
1630,29-04-2022,10.52154,11.070298,10.264257,10.332933,119026000000.0
1631,30-04-2022,10.333366,10.447801,9.660388,9.761305,70143552632.0
1632,01-05-2022,9.763694,10.317128,9.759414,10.1602,75889035165.0
1633,02-05-2022,10.161858,10.243764,9.817359,10.020088,58852871610.0
1634,03-05-2022,10.019846,10.122456,9.746941,9.904082,42493512769.0
1635,04-05-2022,9.90365,10.32171,9.89317,10.32171,63693356148.0
1636,05-05-2022,10.321996,10.458911,9.695091,9.830257,96294982617.0
1637,06-05-2022,9.828254,9.919109,9.589855,9.842341,64564111667.0
1638,07-05-2022,9.841512,10.151631,9.647249,9.813986,57436503381.0
1639,08-05-2022,9.813563,9.851272,9.5402,9.558704,56098590724.0
1640,09-05-2022,9.558161,9.635712,8.109817,8.109817,104702000000.0
1641,10-05-2022,8.100869,9.090148,7.809174,8.382228,133144000000.0
1642,11-05-2022,8.379995,8.540083,6.195686,6.548124,197883000000.0
1643,12-05-2022,6.552406,6.892679,5.425601,6.402375,203760000000.0
1644,13-05-2022,6.399861,7.28843,6.379263,6.844422,111918000000.0
1645,14-05-2022,6.845254,7.097602,6.546293,6.958009,69930012750.0
1646,15-05-2022,6.957088,7.19407,6.731723,7.19407,50513547227.0
1647,16-05-2022,7.195919,7.210955,6.728316,6.83455,47190937737.0
1648,17-05-2022,6.834157,7.064697,6.779134,6.980031,43390593256.0
1649,18-05-2022,6.980636,7.025181,6.509612,6.509612,43443877957.0
1650,19-05-2022,6.508506,6.748143,6.3846,6.714176,47521372945.0
1651,20-05-2022,6.713883,6.794466,6.449486,6.534976,40353331380.0
1652,21-05-2022,6.534566,6.623167,6.453655,6.572776,26088375242.0
1653,22-05-2022,6.571646,6.729717,6.541264,6.700591,29184018670.0
1654,23-05-2022,6.698904,6.838761,6.423728,6.454358,39336073511.0
1655,24-05-2022,6.455418,6.54053,6.266486,6.480144,35827530537.0
1656,25-05-2022,6.479405,6.539779,6.385794,6.431054,32535702828.0
1657,26-05-2022,6.431775,6.478774,5.902467,6.074711,55264415917.0
1658,27-05-2022,6.090704,6.100639,5.983524,6.003766,62509035520.0
